File,Version,Insertion,Deletion,hCounterV,bugFixCounter,hCounterB4V,devCounter,devCounterB4,avgbtwhDays,avgbtwhDaysPlus,expertiseAvg,expertiseMin,codechangedV,codechangedB4
ql/src/java/org/apache/hadoop/hive/ql/exec/StatsNoJobTask.java,2.1.0,0,0,0,0,9,0,5,0,35,0,0,0,1
ql/src/java/org/apache/hadoop/hive/ql/optimizer/calcite/CalciteViewSemanticException.java,2.1.0,0,0,0,0,0,0,0,0,0,0,0,0,0
ql/src/java/org/apache/hadoop/hive/ql/parse/CalcitePlanner.java,2.1.0,0,0,1,0,62,1,13,0,3,117,117,0,21
ql/src/java/org/apache/hadoop/hive/ql/parse/QB.java,2.1.0,0,0,0,0,6,0,5,0,40,0,0,0,0
ql/src/java/org/apache/hadoop/hive/ql/parse/SemanticAnalyzer.java,2.1.0,52,21,3,0,108,2,27,9,2,112,106,2,39
ql/src/java/org/apache/hadoop/hive/ql/udf/generic/GenericUDFOPEqualNS.java,2.1.0,0,0,0,0,1,0,1,0,0,0,0,0,0
ql/src/java/org/apache/hadoop/hive/ql/udf/generic/GenericUDFOPNotEqualNS.java,2.1.0,0,0,0,0,0,0,0,0,0,0,0,0,0
metastore/src/java/org/apache/hadoop/hive/metastore/MetaStoreUtils.java,2.1.0,3,17,1,0,20,1,10,0,18,106,106,0,6
ql/src/java/org/apache/hadoop/hive/ql/parse/ColumnStatsSemanticAnalyzer.java,2.1.0,0,0,0,0,10,0,8,0,27,0,0,0,2
cli/src/java/org/apache/hadoop/hive/cli/CliDriver.java,2.1.0,0,0,0,0,13,0,7,0,16,0,0,0,1
itests/util/src/main/java/org/apache/hadoop/hive/ql/QTestUtil.java,2.1.0,10,4,1,0,49,1,19,0,5,73,73,0,11
metastore/src/java/org/apache/hadoop/hive/metastore/HiveMetaStoreClient.java,2.1.0,20,4,2,0,39,2,20,1,5,48,24,1,11
ql/src/java/org/apache/hadoop/hive/ql/optimizer/calcite/HiveRelFactories.java,2.1.0,0,0,1,0,4,1,2,0,52,117,117,0,2
ql/src/java/org/apache/hadoop/hive/ql/optimizer/calcite/reloperators/HiveJoin.java,2.1.0,0,0,0,0,5,0,3,0,26,0,0,0,1
ql/src/java/org/apache/hadoop/hive/ql/optimizer/calcite/reloperators/HiveMultiJoin.java,2.1.0,0,0,0,0,4,0,3,0,15,0,0,0,1
ql/src/java/org/apache/hadoop/hive/ql/optimizer/calcite/stats/HiveRelMdDistinctRowCount.java,2.1.0,0,0,0,0,1,0,2,0,399,0,0,0,0
ql/src/java/org/apache/hadoop/hive/ql/optimizer/calcite/stats/HiveRelMdSelectivity.java,2.1.0,0,0,0,0,3,0,3,0,106,0,0,0,0
ql/src/java/org/apache/hadoop/hive/ql/optimizer/calcite/stats/HiveRelMdSize.java,2.1.0,0,0,0,0,1,0,1,0,0,0,0,0,0
ql/src/java/org/apache/hadoop/hive/ql/optimizer/calcite/translator/HiveOpConverter.java,2.1.0,0,0,0,0,27,0,6,0,10,0,0,0,13
ql/src/java/org/apache/hadoop/hive/ql/parse/CalcitePlanner.java,2.1.0,0,0,1,0,62,1,13,0,3,117,117,0,21
hplsql/src/main/java/org/apache/hive/hplsql/Exec.java,2.1.0,38,17,1,0,13,1,3,0,22,11,11,0,2
ql/src/java/org/apache/hadoop/hive/ql/optimizer/stats/annotation/StatsRulesProcFactory.java,2.1.0,47,12,2,0,15,1,7,16,20,117,117,1,8
ql/src/java/org/apache/hadoop/hive/ql/stats/StatsUtils.java,2.1.0,0,0,0,0,19,0,12,0,15,0,0,0,8
ql/src/java/org/apache/hadoop/hive/ql/udf/generic/GenericUDAFAverage.java,2.1.0,55,13,1,0,4,1,2,0,107,73,73,1,2
ql/src/java/org/apache/hadoop/hive/ql/udf/generic/GenericUDAFMax.java,2.1.0,0,0,0,0,5,0,3,0,41,0,0,0,1
ql/src/java/org/apache/hadoop/hive/ql/udf/generic/GenericUDAFMin.java,2.1.0,0,0,0,0,3,0,3,0,129,0,0,0,0
common/src/java/org/apache/hadoop/hive/conf/HiveConf.java,2.1.0,62,14,18,0,227,11,40,0,0,115,1,0,19
ql/src/java/org/apache/hadoop/hive/ql/exec/FileSinkOperator.java,2.1.0,11,12,3,0,22,2,9,9,8,106,106,0,2
ql/src/java/org/apache/hadoop/hive/ql/exec/MoveTask.java,2.1.0,12,4,1,0,20,1,11,0,7,37,37,1,5
ql/src/java/org/apache/hadoop/hive/ql/optimizer/GenMapRedUtils.java,2.1.0,0,0,0,0,19,0,13,0,13,0,0,0,2
ql/src/java/org/apache/hadoop/hive/ql/parse/GenTezUtils.java,2.1.0,0,0,0,0,12,0,8,0,15,0,0,0,1
ql/src/java/org/apache/hadoop/hive/ql/plan/FileSinkDesc.java,2.1.0,0,0,1,0,7,1,5,0,54,106,106,0,1
ql/src/java/org/apache/hadoop/hive/ql/stats/StatsCollectionContext.java,2.1.0,0,0,0,0,1,0,1,0,0,0,0,0,1
ql/src/java/org/apache/hadoop/hive/ql/stats/fs/FSStatsPublisher.java,2.1.0,0,0,0,0,5,0,3,0,26,0,0,0,0
ql/src/java/org/apache/hadoop/hive/ql/exec/mr/ExecDriver.java,2.1.0,0,0,0,0,20,0,15,0,14,0,0,0,1
ql/src/java/org/apache/hadoop/hive/ql/processors/SetProcessor.java,2.1.0,0,0,0,0,6,0,5,0,29,0,0,0,1
ql/src/java/org/apache/hadoop/hive/ql/lockmgr/DbTxnManager.java,2.1.0,22,23,1,0,17,1,3,0,17,24,24,1,9
ql/src/java/org/apache/hadoop/hive/ql/exec/MapJoinOperator.java,2.1.0,4,4,1,0,29,1,13,0,6,24,24,0,6
ql/src/java/org/apache/hadoop/hive/ql/exec/persistence/HybridHashTableContainer.java,2.1.0,17,8,1,0,21,1,10,0,25,24,24,1,12
ql/src/java/org/apache/hadoop/hive/ql/exec/tez/HashTableLoader.java,2.1.0,0,0,1,0,10,1,8,0,25,24,24,0,4
ql/src/java/org/apache/hadoop/hive/ql/ppd/OpProcFactory.java,2.1.0,43,17,1,0,8,1,4,0,29,117,117,1,2
ql/src/java/org/apache/hadoop/hive/ql/exec/OperatorUtils.java,2.1.0,0,0,0,0,6,0,7,0,39,0,0,0,0
ql/src/java/org/apache/hadoop/hive/ql/optimizer/StatsOptimizer.java,2.1.0,0,0,0,0,10,0,5,0,26,0,0,0,7
metastore/src/java/org/apache/hadoop/hive/metastore/RetryingMetaStoreClient.java,2.1.0,0,0,0,0,10,0,7,0,12,0,0,0,1
orc/src/java/org/apache/orc/OrcFile.java,2.1.0,18,14,1,0,20,1,3,0,26,193,193,1,4
orc/src/java/org/apache/orc/impl/WriterImpl.java,2.1.0,0,0,0,0,20,0,3,0,10,0,0,0,3
ql/src/java/org/apache/hadoop/hive/ql/exec/OrcFileMergeOperator.java,2.1.0,0,0,0,0,7,0,4,0,30,0,0,0,4
ql/src/java/org/apache/hadoop/hive/ql/io/orc/TreeReaderFactory.java,2.1.0,0,0,0,0,17,0,6,0,8,0,0,0,8
ql/src/java/org/apache/hadoop/hive/ql/udf/UDFToByte.java,2.1.0,0,0,0,0,2,0,2,0,60,0,0,0,0
ql/src/java/org/apache/hadoop/hive/ql/udf/UDFToDouble.java,2.1.0,0,0,0,0,3,0,3,0,31,0,0,0,0
ql/src/java/org/apache/hadoop/hive/ql/udf/UDFToFloat.java,2.1.0,2,2,1,0,4,1,3,0,45,44,44,0,0
ql/src/java/org/apache/hadoop/hive/ql/udf/UDFToInteger.java,2.1.0,0,0,0,0,2,0,3,0,285,0,0,0,0
ql/src/java/org/apache/hadoop/hive/ql/udf/UDFToLong.java,2.1.0,0,0,0,0,2,0,2,0,60,0,0,0,0
ql/src/java/org/apache/hadoop/hive/ql/udf/UDFToShort.java,2.1.0,0,0,0,0,2,0,2,0,60,0,0,0,0
ql/src/java/org/apache/hadoop/hive/ql/exec/AbstractFileMergeOperator.java,2.1.0,0,0,0,0,5,0,4,0,77,0,0,0,1
ql/src/java/org/apache/hadoop/hive/ql/exec/OrcFileMergeOperator.java,2.1.0,0,0,0,0,7,0,4,0,30,0,0,0,4
ql/src/java/org/apache/hadoop/hive/ql/parse/SemanticAnalyzer.java,2.1.0,52,21,3,0,108,2,27,9,2,112,106,2,39
ql/src/java/org/apache/hadoop/hive/ql/plan/ExprNodeDescUtils.java,2.1.0,0,0,0,0,5,0,4,0,59,0,0,0,2
orc/src/java/org/apache/orc/impl/MemoryManager.java,2.1.0,0,0,0,0,6,0,2,0,82,0,0,0,1
ql/src/java/org/apache/hadoop/hive/ql/optimizer/ConvertJoinMapJoin.java,2.1.0,49,39,2,0,12,2,8,1,32,54,1,0,6
ql/src/java/org/apache/hadoop/hive/ql/optimizer/calcite/HiveRexUtil.java,2.1.0,82,12,3,0,8,1,1,6,3,117,117,2,6
ql/src/java/org/apache/hadoop/hive/ql/optimizer/calcite/rules/HiveReduceExpressionsRule.java,2.1.0,0,0,0,0,7,0,2,0,13,0,0,0,5
orc/src/gen/protobuf-java/org/apache/orc/OrcProto.java,2.1.0,887,3,1,0,4,1,2,0,96,193,193,1,2
orc/src/java/org/apache/orc/OrcFile.java,2.1.0,18,14,1,0,20,1,3,0,26,193,193,1,4
ql/src/test/org/apache/hadoop/hive/ql/io/orc/TestOrcFile.java,2.1.0,0,0,0,0,12,0,6,0,19,0,0,0,3
storage-api/src/java/org/apache/hadoop/hive/ql/exec/vector/DecimalColumnVector.java,2.1.0,12,18,1,0,11,1,4,0,42,393,393,1,3
ql/src/java/org/apache/hadoop/hive/ql/io/orc/ReaderImpl.java,2.1.0,5,287,2,0,37,1,8,20,7,193,193,0,5
cli/src/java/org/apache/hadoop/hive/cli/OptionsProcessor.java,2.1.0,0,0,0,0,3,0,3,0,86,0,0,0,1
common/src/java/org/apache/hadoop/hive/common/cli/CommonCliOptions.java,2.1.0,0,0,0,0,1,0,1,0,0,0,0,0,0
service/src/java/org/apache/hive/service/server/HiveServer2.java,2.1.0,0,0,1,0,22,1,9,0,14,393,393,1,10
ql/src/java/org/apache/hadoop/hive/ql/exec/Utilities.java,2.1.0,7,5,1,0,48,1,25,0,5,73,73,1,12
beeline/src/java/org/apache/hive/beeline/DatabaseConnection.java,2.1.0,0,0,0,0,4,0,3,0,97,0,0,0,0
jdbc/src/java/org/apache/hive/jdbc/Utils.java,2.1.0,0,0,0,0,14,0,6,0,30,0,0,0,7
service/src/java/org/apache/hive/service/cli/operation/LogDivertAppender.java,2.1.0,0,0,0,0,6,0,4,0,33,0,0,0,1
itests/hcatalog-unit/src/test/java/org/apache/hive/hcatalog/listener/TestDbNotificationListener.java,2.1.0,0,0,0,0,5,0,3,0,31,0,0,0,1
metastore/src/java/org/apache/hadoop/hive/metastore/ObjectStore.java,2.1.0,138,42,2,0,49,2,20,9,7,198,4,1,15
service/src/java/org/apache/hive/service/auth/PamAuthenticationProviderImpl.java,2.1.0,0,0,0,0,5,0,3,0,10,0,0,0,1
ql/src/java/org/apache/hadoop/hive/ql/optimizer/Optimizer.java,2.1.0,0,0,0,0,20,0,12,0,14,0,0,0,7
ql/src/java/org/apache/hadoop/hive/ql/parse/CalcitePlanner.java,2.1.0,0,0,1,0,62,1,13,0,3,117,117,0,21
ql/src/java/org/apache/hadoop/hive/ql/parse/ASTNode.java,2.1.0,0,0,0,0,5,0,4,0,47,0,0,0,3
ql/src/java/org/apache/hadoop/hive/ql/parse/SemanticAnalyzer.java,2.1.0,52,21,3,0,108,2,27,9,2,112,106,2,39
ql/src/java/org/apache/hadoop/hive/ql/parse/SubQueryUtils.java,2.1.0,0,0,0,0,2,0,2,0,125,0,0,0,0
serde/src/java/org/apache/hadoop/hive/serde2/lazy/LazySerDeParameters.java,2.1.0,0,0,0,0,6,0,4,0,55,0,0,0,2
ql/src/java/org/apache/hadoop/hive/ql/exec/vector/expressions/VectorCoalesce.java,2.1.0,0,0,0,0,1,0,1,0,0,0,0,0,1
ql/src/java/org/apache/hadoop/hive/ql/optimizer/calcite/rules/HiveFilterSetOpTransposeRule.java,2.1.0,0,0,0,0,1,0,2,0,368,0,0,0,0
ql/src/java/org/apache/hadoop/hive/ql/exec/Utilities.java,2.1.0,7,5,1,0,48,1,25,0,5,73,73,1,12
ql/src/java/org/apache/hadoop/hive/ql/io/parquet/ProjectionPusher.java,2.1.0,0,0,0,0,4,0,4,0,41,0,0,0,2
storage-api/src/java/org/apache/hadoop/hive/ql/io/sarg/ExpressionTree.java,2.1.0,0,0,0,0,3,0,2,0,162,0,0,0,1
storage-api/src/java/org/apache/hadoop/hive/ql/io/sarg/SearchArgumentImpl.java,2.1.0,0,0,0,0,12,0,4,0,57,0,0,0,2
hcatalog/core/src/test/java/org/apache/hive/hcatalog/mapreduce/TestHCatMultiOutputFormat.java,2.1.0,0,0,0,0,5,0,4,0,48,0,0,0,1
ql/src/java/org/apache/hadoop/hive/ql/CompilationOpContext.java,2.1.0,0,0,0,0,1,0,1,0,0,0,0,0,1
ql/src/java/org/apache/hadoop/hive/ql/Context.java,2.1.0,0,0,0,0,7,0,7,0,79,0,0,0,1
ql/src/java/org/apache/hadoop/hive/ql/Driver.java,2.1.0,3,2,1,0,66,1,26,0,2,58,58,0,26
ql/src/java/org/apache/hadoop/hive/ql/exec/AbstractFileMergeOperator.java,2.1.0,0,0,0,0,5,0,4,0,77,0,0,0,1
ql/src/java/org/apache/hadoop/hive/ql/exec/AbstractMapJoinOperator.java,2.1.0,0,0,0,0,2,0,3,0,108,0,0,0,0
ql/src/java/org/apache/hadoop/hive/ql/exec/AppMasterEventOperator.java,2.1.0,0,0,0,0,3,0,3,0,79,0,0,0,0
ql/src/java/org/apache/hadoop/hive/ql/exec/CollectOperator.java,2.1.0,0,0,0,0,3,0,2,0,79,0,0,0,0
ql/src/java/org/apache/hadoop/hive/ql/exec/ColumnStatsTask.java,2.1.0,0,0,1,0,7,1,4,0,32,106,106,0,1
ql/src/java/org/apache/hadoop/hive/ql/exec/ColumnStatsUpdateTask.java,2.1.0,0,0,0,0,5,0,4,0,54,0,0,0,0
ql/src/java/org/apache/hadoop/hive/ql/exec/CommonJoinOperator.java,2.1.0,0,0,0,0,4,0,4,0,79,0,0,0,0
ql/src/java/org/apache/hadoop/hive/ql/exec/CommonMergeJoinOperator.java,2.1.0,0,0,1,0,10,1,5,0,30,62,62,0,2
ql/src/java/org/apache/hadoop/hive/ql/exec/ConditionalTask.java,2.1.0,0,0,0,0,2,0,2,0,101,0,0,0,0
ql/src/java/org/apache/hadoop/hive/ql/exec/DDLTask.java,2.1.0,9,2,4,0,54,4,21,0,4,61,24,0,13
ql/src/java/org/apache/hadoop/hive/ql/exec/DemuxOperator.java,2.1.0,0,0,0,0,5,0,4,0,64,0,0,0,0
ql/src/java/org/apache/hadoop/hive/ql/exec/DummyStoreOperator.java,2.1.0,0,0,0,0,3,0,3,0,117,0,0,0,0
ql/src/java/org/apache/hadoop/hive/ql/exec/FetchTask.java,2.1.0,0,0,0,0,7,0,6,0,5,0,0,0,1
ql/src/java/org/apache/hadoop/hive/ql/exec/FileSinkOperator.java,2.1.0,11,12,3,0,22,2,9,9,8,106,106,0,2
ql/src/java/org/apache/hadoop/hive/ql/exec/FilterOperator.java,2.1.0,0,0,0,0,5,0,3,0,66,0,0,0,0
ql/src/java/org/apache/hadoop/hive/ql/exec/ForwardOperator.java,2.1.0,0,0,0,0,3,0,2,0,79,0,0,0,0
ql/src/java/org/apache/hadoop/hive/ql/exec/FunctionTask.java,2.1.0,0,0,0,0,6,0,3,0,54,0,0,0,1
ql/src/java/org/apache/hadoop/hive/ql/exec/GroupByOperator.java,2.1.0,0,0,0,0,4,0,3,0,49,0,0,0,0
ql/src/java/org/apache/hadoop/hive/ql/exec/HashTableDummyOperator.java,2.1.0,0,0,0,0,3,0,2,0,79,0,0,0,0
ql/src/java/org/apache/hadoop/hive/ql/exec/HashTableSinkOperator.java,2.1.0,0,0,0,0,4,0,5,0,35,0,0,0,0
ql/src/java/org/apache/hadoop/hive/ql/exec/JoinOperator.java,2.1.0,0,0,0,0,3,0,2,0,114,0,0,0,0
ql/src/java/org/apache/hadoop/hive/ql/exec/LateralViewForwardOperator.java,2.1.0,0,0,0,0,3,0,2,0,79,0,0,0,0
ql/src/java/org/apache/hadoop/hive/ql/exec/LateralViewJoinOperator.java,2.1.0,0,0,0,0,3,0,2,0,79,0,0,0,0
ql/src/java/org/apache/hadoop/hive/ql/exec/LimitOperator.java,2.1.0,0,0,0,0,4,0,3,0,78,0,0,0,0
ql/src/java/org/apache/hadoop/hive/ql/exec/ListSinkOperator.java,2.1.0,0,0,0,0,4,0,3,0,78,0,0,0,0
ql/src/java/org/apache/hadoop/hive/ql/exec/MapJoinOperator.java,2.1.0,4,4,1,0,29,1,13,0,6,24,24,0,6
ql/src/java/org/apache/hadoop/hive/ql/exec/MapOperator.java,2.1.0,0,0,0,0,10,0,5,0,25,0,0,0,0
ql/src/java/org/apache/hadoop/hive/ql/exec/MuxOperator.java,2.1.0,0,0,0,0,4,0,4,0,79,0,0,0,0
ql/src/java/org/apache/hadoop/hive/ql/exec/Operator.java,2.1.0,55,13,2,0,21,1,11,18,14,105,105,1,3
ql/src/java/org/apache/hadoop/hive/ql/exec/OperatorFactory.java,2.1.0,0,0,0,0,4,0,4,0,82,0,0,0,1
ql/src/java/org/apache/hadoop/hive/ql/exec/OrcFileMergeOperator.java,2.1.0,0,0,0,0,7,0,4,0,30,0,0,0,4
ql/src/java/org/apache/hadoop/hive/ql/exec/PTFOperator.java,2.1.0,0,0,0,0,3,0,3,0,79,0,0,0,0
ql/src/java/org/apache/hadoop/hive/ql/exec/RCFileMergeOperator.java,2.1.0,0,0,0,0,2,0,3,0,182,0,0,0,0
ql/src/java/org/apache/hadoop/hive/ql/exec/ReduceSinkOperator.java,2.1.0,0,0,0,0,11,0,7,0,19,0,0,0,3
ql/src/java/org/apache/hadoop/hive/ql/exec/SMBMapJoinOperator.java,2.1.0,0,0,2,0,7,1,6,12,28,22,22,0,0
ql/src/java/org/apache/hadoop/hive/ql/exec/ScriptOperator.java,2.1.0,0,0,0,0,6,0,5,0,60,0,0,0,1
ql/src/java/org/apache/hadoop/hive/ql/exec/SelectOperator.java,2.1.0,0,0,0,0,3,0,3,0,35,0,0,0,0
ql/src/java/org/apache/hadoop/hive/ql/exec/SerializationUtilities.java,2.1.0,0,0,0,0,7,0,4,0,18,0,0,0,3
ql/src/java/org/apache/hadoop/hive/ql/exec/SparkHashTableSinkOperator.java,2.1.0,0,0,0,0,11,0,10,0,33,0,0,0,4
ql/src/java/org/apache/hadoop/hive/ql/exec/StatsNoJobTask.java,2.1.0,0,0,0,0,9,0,5,0,35,0,0,0,1
ql/src/java/org/apache/hadoop/hive/ql/exec/TableScanOperator.java,2.1.0,0,0,0,0,9,0,6,0,22,0,0,0,1
ql/src/java/org/apache/hadoop/hive/ql/exec/Task.java,2.1.0,0,0,0,0,10,0,8,0,24,0,0,0,1
ql/src/java/org/apache/hadoop/hive/ql/exec/TemporaryHashSinkOperator.java,2.1.0,0,0,0,0,1,0,1,0,0,0,0,0,0
ql/src/java/org/apache/hadoop/hive/ql/exec/TerminalOperator.java,2.1.0,0,0,0,0,2,0,2,0,79,0,0,0,0
ql/src/java/org/apache/hadoop/hive/ql/exec/TezDummyStoreOperator.java,2.1.0,0,0,0,0,2,0,4,0,154,0,0,0,0
ql/src/java/org/apache/hadoop/hive/ql/exec/UDTFOperator.java,2.1.0,0,0,0,0,4,0,4,0,79,0,0,0,0
ql/src/java/org/apache/hadoop/hive/ql/exec/UnionOperator.java,2.1.0,0,0,1,0,5,1,4,0,59,22,22,0,1
ql/src/java/org/apache/hadoop/hive/ql/exec/mr/ExecDriver.java,2.1.0,0,0,0,0,20,0,15,0,14,0,0,0,1
ql/src/java/org/apache/hadoop/hive/ql/exec/mr/ExecMapper.java,2.1.0,0,0,0,0,4,0,5,0,53,0,0,0,0
ql/src/java/org/apache/hadoop/hive/ql/exec/mr/HashTableLoader.java,2.1.0,0,0,0,0,3,0,3,0,131,0,0,0,0
ql/src/java/org/apache/hadoop/hive/ql/exec/mr/MapredLocalTask.java,2.1.0,0,0,0,0,11,0,11,0,19,0,0,0,1
ql/src/java/org/apache/hadoop/hive/ql/exec/spark/HashTableLoader.java,2.1.0,0,0,0,0,9,0,6,0,24,0,0,0,1
ql/src/java/org/apache/hadoop/hive/ql/exec/spark/SparkMapRecordHandler.java,2.1.0,0,0,0,0,5,0,5,0,41,0,0,0,0
ql/src/java/org/apache/hadoop/hive/ql/exec/spark/SparkTask.java,2.1.0,0,0,0,0,11,0,9,0,34,0,0,0,1
ql/src/java/org/apache/hadoop/hive/ql/exec/tez/MapRecordProcessor.java,2.1.0,48,11,3,0,20,2,9,9,13,249,105,2,7
ql/src/java/org/apache/hadoop/hive/ql/exec/vector/VectorAppMasterEventOperator.java,2.1.0,0,0,0,0,4,0,3,0,79,0,0,0,0
ql/src/java/org/apache/hadoop/hive/ql/exec/vector/VectorFileSinkOperator.java,2.1.0,0,0,0,0,4,0,3,0,79,0,0,0,0
ql/src/java/org/apache/hadoop/hive/ql/exec/vector/VectorFilterOperator.java,2.1.0,0,0,0,0,4,0,2,0,78,0,0,0,0
ql/src/java/org/apache/hadoop/hive/ql/exec/vector/VectorGroupByOperator.java,2.1.0,30,26,1,0,12,1,6,0,21,44,44,0,1
ql/src/java/org/apache/hadoop/hive/ql/exec/vector/VectorLimitOperator.java,2.1.0,0,0,0,0,3,0,3,0,79,0,0,0,1
ql/src/java/org/apache/hadoop/hive/ql/exec/vector/VectorMapJoinBaseOperator.java,2.1.0,0,0,0,0,6,0,4,0,61,0,0,0,1
ql/src/java/org/apache/hadoop/hive/ql/exec/vector/VectorMapJoinOperator.java,2.1.0,0,0,0,0,10,0,6,0,25,0,0,0,1
ql/src/java/org/apache/hadoop/hive/ql/exec/vector/VectorMapJoinOuterFilteredOperator.java,2.1.0,0,0,0,0,6,0,5,0,25,0,0,0,1
ql/src/java/org/apache/hadoop/hive/ql/exec/vector/VectorMapOperator.java,2.1.0,0,0,0,0,3,0,3,0,79,0,0,0,1
ql/src/java/org/apache/hadoop/hive/ql/exec/vector/VectorReduceSinkOperator.java,2.1.0,0,0,0,0,4,0,3,0,79,0,0,0,0
ql/src/java/org/apache/hadoop/hive/ql/exec/vector/VectorSMBMapJoinOperator.java,2.1.0,0,0,0,0,7,0,5,0,32,0,0,0,1
ql/src/java/org/apache/hadoop/hive/ql/exec/vector/VectorSelectOperator.java,2.1.0,0,0,0,0,4,0,3,0,48,0,0,0,0
ql/src/java/org/apache/hadoop/hive/ql/exec/vector/VectorSparkHashTableSinkOperator.java,2.1.0,0,0,0,0,5,0,4,0,58,0,0,0,1
ql/src/java/org/apache/hadoop/hive/ql/exec/vector/VectorSparkPartitionPruningSinkOperator.java,2.1.0,0,0,0,0,5,0,4,0,52,0,0,0,1
ql/src/java/org/apache/hadoop/hive/ql/exec/vector/mapjoin/VectorMapJoinCommonOperator.java,2.1.0,0,0,0,0,16,0,8,0,5,0,0,0,4
ql/src/java/org/apache/hadoop/hive/ql/exec/vector/mapjoin/VectorMapJoinGenerateResultOperator.java,2.1.0,0,0,0,0,11,0,7,0,11,0,0,0,5
ql/src/java/org/apache/hadoop/hive/ql/exec/vector/mapjoin/VectorMapJoinInnerBigOnlyGenerateResultOperator.java,2.1.0,0,0,0,0,3,0,3,0,124,0,0,0,1
ql/src/java/org/apache/hadoop/hive/ql/exec/vector/mapjoin/VectorMapJoinInnerBigOnlyLongOperator.java,2.1.0,0,0,0,0,6,0,5,0,27,0,0,0,2
ql/src/java/org/apache/hadoop/hive/ql/exec/vector/mapjoin/VectorMapJoinInnerBigOnlyMultiKeyOperator.java,2.1.0,0,0,0,0,7,0,6,0,20,0,0,0,3
ql/src/java/org/apache/hadoop/hive/ql/exec/vector/mapjoin/VectorMapJoinInnerBigOnlyStringOperator.java,2.1.0,0,0,0,0,7,0,5,0,38,0,0,0,2
ql/src/java/org/apache/hadoop/hive/ql/exec/vector/mapjoin/VectorMapJoinInnerGenerateResultOperator.java,2.1.0,0,0,0,0,4,0,4,0,82,0,0,0,1
ql/src/java/org/apache/hadoop/hive/ql/exec/vector/mapjoin/VectorMapJoinInnerLongOperator.java,2.1.0,0,0,0,0,6,0,5,0,27,0,0,0,2
ql/src/java/org/apache/hadoop/hive/ql/exec/vector/mapjoin/VectorMapJoinInnerMultiKeyOperator.java,2.1.0,0,0,0,0,7,0,6,0,20,0,0,0,3
ql/src/java/org/apache/hadoop/hive/ql/exec/vector/mapjoin/VectorMapJoinInnerStringOperator.java,2.1.0,0,0,0,0,7,0,5,0,38,0,0,0,2
ql/src/java/org/apache/hadoop/hive/ql/exec/vector/mapjoin/VectorMapJoinLeftSemiGenerateResultOperator.java,2.1.0,0,0,0,0,3,0,3,0,124,0,0,0,1
ql/src/java/org/apache/hadoop/hive/ql/exec/vector/mapjoin/VectorMapJoinLeftSemiLongOperator.java,2.1.0,0,0,0,0,6,0,5,0,27,0,0,0,2
ql/src/java/org/apache/hadoop/hive/ql/exec/vector/mapjoin/VectorMapJoinLeftSemiMultiKeyOperator.java,2.1.0,0,0,0,0,7,0,6,0,20,0,0,0,3
ql/src/java/org/apache/hadoop/hive/ql/exec/vector/mapjoin/VectorMapJoinLeftSemiStringOperator.java,2.1.0,0,0,0,0,7,0,5,0,38,0,0,0,2
ql/src/java/org/apache/hadoop/hive/ql/exec/vector/mapjoin/VectorMapJoinOuterGenerateResultOperator.java,2.1.0,0,0,0,0,5,0,5,0,45,0,0,0,2
ql/src/java/org/apache/hadoop/hive/ql/exec/vector/mapjoin/VectorMapJoinOuterLongOperator.java,2.1.0,0,0,0,0,5,0,5,0,45,0,0,0,2
ql/src/java/org/apache/hadoop/hive/ql/exec/vector/mapjoin/VectorMapJoinOuterMultiKeyOperator.java,2.1.0,0,0,0,0,6,0,6,0,13,0,0,0,2
ql/src/java/org/apache/hadoop/hive/ql/exec/vector/mapjoin/VectorMapJoinOuterStringOperator.java,2.1.0,0,0,0,0,6,0,5,0,61,0,0,0,2
ql/src/java/org/apache/hadoop/hive/ql/exec/vector/reducesink/VectorReduceSinkCommonOperator.java,2.1.0,0,0,0,0,3,0,3,0,61,0,0,0,2
ql/src/java/org/apache/hadoop/hive/ql/exec/vector/reducesink/VectorReduceSinkLongOperator.java,2.1.0,0,0,0,0,2,0,2,0,78,0,0,0,1
ql/src/java/org/apache/hadoop/hive/ql/exec/vector/reducesink/VectorReduceSinkMultiKeyOperator.java,2.1.0,0,0,0,0,2,0,2,0,78,0,0,0,1
ql/src/java/org/apache/hadoop/hive/ql/exec/vector/reducesink/VectorReduceSinkStringOperator.java,2.1.0,0,0,0,0,2,0,2,0,78,0,0,0,1
ql/src/java/org/apache/hadoop/hive/ql/hooks/ATSHook.java,2.1.0,0,0,0,0,8,0,7,0,44,0,0,0,1
ql/src/java/org/apache/hadoop/hive/ql/io/merge/MergeFileTask.java,2.1.0,0,0,0,0,7,0,7,0,40,0,0,0,1
ql/src/java/org/apache/hadoop/hive/ql/io/rcfile/stats/PartialScanTask.java,2.1.0,0,0,0,0,9,0,8,0,40,0,0,0,1
ql/src/java/org/apache/hadoop/hive/ql/io/rcfile/truncate/ColumnTruncateTask.java,2.1.0,0,0,0,0,7,0,7,0,40,0,0,0,0
ql/src/java/org/apache/hadoop/hive/ql/optimizer/AbstractSMBJoinProc.java,2.1.0,0,0,0,0,4,0,4,0,32,0,0,0,0
ql/src/java/org/apache/hadoop/hive/ql/optimizer/ConvertJoinMapJoin.java,2.1.0,49,39,2,0,12,2,8,1,32,54,1,0,6
ql/src/java/org/apache/hadoop/hive/ql/optimizer/DynamicPartitionPruningOptimization.java,2.1.0,0,0,0,0,9,0,6,0,28,0,0,0,4
ql/src/java/org/apache/hadoop/hive/ql/optimizer/GenMRTableScan1.java,2.1.0,0,0,0,0,5,0,4,0,77,0,0,0,0
ql/src/java/org/apache/hadoop/hive/ql/optimizer/GenMapRedUtils.java,2.1.0,0,0,0,0,19,0,13,0,13,0,0,0,2
ql/src/java/org/apache/hadoop/hive/ql/optimizer/GroupByOptimizer.java,2.1.0,0,0,0,0,6,0,5,0,35,0,0,0,1
ql/src/java/org/apache/hadoop/hive/ql/optimizer/MapJoinProcessor.java,2.1.0,0,0,0,0,4,0,4,0,47,0,0,0,1
ql/src/java/org/apache/hadoop/hive/ql/optimizer/ReduceSinkMapJoinProc.java,2.1.0,0,0,0,0,8,0,6,0,47,0,0,0,2
ql/src/java/org/apache/hadoop/hive/ql/optimizer/SimpleFetchAggregation.java,2.1.0,0,0,0,0,2,0,3,0,35,0,0,0,0
ql/src/java/org/apache/hadoop/hive/ql/optimizer/SimpleFetchOptimizer.java,2.1.0,0,0,0,0,13,0,6,0,17,0,0,0,2
ql/src/java/org/apache/hadoop/hive/ql/optimizer/SkewJoinOptimizer.java,2.1.0,0,0,0,0,5,0,5,0,21,0,0,0,0
ql/src/java/org/apache/hadoop/hive/ql/optimizer/calcite/translator/HiveGBOpConvUtil.java,2.1.0,0,0,0,0,4,0,3,0,62,0,0,0,2
ql/src/java/org/apache/hadoop/hive/ql/optimizer/calcite/translator/HiveOpConverter.java,2.1.0,0,0,0,0,27,0,6,0,10,0,0,0,13
ql/src/java/org/apache/hadoop/hive/ql/optimizer/correlation/QueryPlanTreeTransformation.java,2.1.0,0,0,0,0,2,0,3,0,172,0,0,0,0
ql/src/java/org/apache/hadoop/hive/ql/optimizer/physical/CommonJoinTaskDispatcher.java,2.1.0,0,0,0,0,2,0,4,0,40,0,0,0,0
ql/src/java/org/apache/hadoop/hive/ql/optimizer/physical/GenMRSkewJoinProcessor.java,2.1.0,0,0,0,0,3,0,3,0,126,0,0,0,0
ql/src/java/org/apache/hadoop/hive/ql/optimizer/physical/GenSparkSkewJoinProcessor.java,2.1.0,0,0,0,0,8,0,6,0,41,0,0,0,1
ql/src/java/org/apache/hadoop/hive/ql/optimizer/physical/LocalMapJoinProcFactory.java,2.1.0,0,0,0,0,2,0,2,0,82,0,0,0,0
ql/src/java/org/apache/hadoop/hive/ql/optimizer/physical/Vectorizer.java,2.1.0,144,83,1,0,34,1,13,0,8,44,44,1,13
ql/src/java/org/apache/hadoop/hive/ql/optimizer/spark/SparkReduceSinkMapJoinProc.java,2.1.0,0,0,0,0,5,0,5,0,62,0,0,0,0
ql/src/java/org/apache/hadoop/hive/ql/optimizer/unionproc/UnionProcFactory.java,2.1.0,0,0,0,0,1,0,1,0,360,0,0,0,0
ql/src/java/org/apache/hadoop/hive/ql/parse/BaseSemanticAnalyzer.java,2.1.0,0,0,1,0,16,1,9,0,15,393,393,1,5
ql/src/java/org/apache/hadoop/hive/ql/parse/ExplainSemanticAnalyzer.java,2.1.0,0,0,0,0,7,0,5,0,21,0,0,0,0
ql/src/java/org/apache/hadoop/hive/ql/parse/GenTezWork.java,2.1.0,0,0,1,0,6,1,3,0,90,106,106,1,3
ql/src/java/org/apache/hadoop/hive/ql/parse/ProcessAnalyzeTable.java,2.1.0,0,0,0,0,5,0,4,0,90,0,0,0,0
ql/src/java/org/apache/hadoop/hive/ql/parse/SemanticAnalyzer.java,2.1.0,52,21,3,0,108,2,27,9,2,112,106,2,39
ql/src/java/org/apache/hadoop/hive/ql/parse/spark/GenSparkWork.java,2.1.0,0,0,0,0,3,0,4,0,41,0,0,0,0
ql/src/java/org/apache/hadoop/hive/ql/parse/spark/SparkPartitionPruningSinkOperator.java,2.1.0,0,0,0,0,4,0,4,0,81,0,0,0,1
ql/src/java/org/apache/hadoop/hive/ql/parse/spark/SparkProcessAnalyzeTable.java,2.1.0,0,0,0,0,5,0,4,0,90,0,0,0,0
ql/src/java/org/apache/hadoop/hive/ql/plan/BaseWork.java,2.1.0,0,0,0,0,11,0,9,0,20,0,0,0,1
ql/src/java/org/apache/hadoop/hive/ql/plan/ColumnStatsWork.java,2.1.0,0,0,0,0,1,0,1,0,278,0,0,0,0
ql/src/java/org/apache/hadoop/hive/ql/plan/FetchWork.java,2.1.0,0,0,0,0,2,0,2,0,99,0,0,0,0
ql/src/java/org/apache/hadoop/hive/ql/plan/MapWork.java,2.1.0,0,0,0,0,17,0,10,0,15,0,0,0,3
ql/src/java/org/apache/hadoop/hive/ql/plan/MapredWork.java,2.1.0,0,0,0,0,1,0,1,0,278,0,0,0,0
ql/src/java/org/apache/hadoop/hive/ql/plan/MergeJoinWork.java,2.1.0,0,0,0,0,4,0,3,0,31,0,0,0,0
ql/src/java/org/apache/hadoop/hive/ql/plan/ReduceWork.java,2.1.0,0,0,0,0,9,0,6,0,21,0,0,0,0
ql/src/java/org/apache/hadoop/hive/ql/plan/UnionWork.java,2.1.0,0,0,0,0,1,0,1,0,278,0,0,0,0
ql/src/java/org/apache/hadoop/hive/ql/ppd/OpProcFactory.java,2.1.0,43,17,1,0,8,1,4,0,29,117,117,1,2
ql/src/java/org/apache/hadoop/hive/ql/ppd/PredicateTransitivePropagate.java,2.1.0,0,0,0,0,3,0,3,0,66,0,0,0,0
ql/src/java/org/apache/hadoop/hive/ql/ppd/SyntheticJoinPredicate.java,2.1.0,0,0,0,0,6,0,5,0,31,0,0,0,0
ql/src/test/org/apache/hadoop/hive/ql/exec/TestExecDriver.java,2.1.0,0,0,0,0,5,0,5,0,57,0,0,0,0
ql/src/test/org/apache/hadoop/hive/ql/exec/TestFileSinkOperator.java,2.1.0,0,0,0,0,7,0,3,0,11,0,0,0,1
ql/src/test/org/apache/hadoop/hive/ql/exec/TestOperators.java,2.1.0,0,0,0,0,6,0,4,0,44,0,0,0,1
ql/src/test/org/apache/hadoop/hive/ql/exec/TestPlan.java,2.1.0,0,0,0,0,3,0,2,0,20,0,0,0,0
ql/src/test/org/apache/hadoop/hive/ql/exec/vector/TestVectorFilterOperator.java,2.1.0,0,0,0,0,1,0,2,0,120,0,0,0,0
ql/src/test/org/apache/hadoop/hive/ql/exec/vector/TestVectorGroupByOperator.java,2.1.0,21,10,1,0,3,1,3,0,170,44,44,1,1
ql/src/test/org/apache/hadoop/hive/ql/exec/vector/TestVectorLimitOperator.java,2.1.0,0,0,0,0,1,0,2,0,306,0,0,0,0
ql/src/test/org/apache/hadoop/hive/ql/exec/vector/TestVectorSelectOperator.java,2.1.0,0,0,0,0,1,0,2,0,120,0,0,0,0
ql/src/test/org/apache/hadoop/hive/ql/exec/vector/util/FakeCaptureOutputOperator.java,2.1.0,0,0,0,0,3,0,2,0,79,0,0,0,0
ql/src/test/org/apache/hadoop/hive/ql/exec/vector/util/FakeVectorDataSourceOperator.java,2.1.0,0,0,0,0,3,0,2,0,79,0,0,0,0
ql/src/test/org/apache/hadoop/hive/ql/optimizer/physical/TestVectorizer.java,2.1.0,10,8,1,0,3,1,2,0,66,44,44,0,0
ql/src/test/org/apache/hadoop/hive/ql/parse/TestGenTezWork.java,2.1.0,0,0,0,0,3,0,3,0,40,0,0,0,1
ql/src/test/org/apache/hadoop/hive/ql/parse/TestUpdateDeleteSemanticAnalyzer.java,2.1.0,0,0,0,0,7,0,5,0,41,0,0,0,0
ql/src/test/org/apache/hadoop/hive/ql/testutil/BaseScalarUdfTest.java,2.1.0,0,0,0,0,1,0,1,0,0,0,0,0,0
ql/src/java/org/apache/hadoop/hive/ql/exec/SerializationUtilities.java,2.1.0,0,0,0,0,7,0,4,0,18,0,0,0,3
common/src/java/org/apache/hive/common/util/ShutdownHookManager.java,2.1.0,0,0,0,0,3,0,3,0,34,0,0,0,1
ql/src/java/org/apache/hadoop/hive/ql/Driver.java,2.1.0,3,2,1,0,66,1,26,0,2,58,58,0,26
ql/src/java/org/apache/hadoop/hive/ql/optimizer/ConstantPropagateProcFactory.java,2.1.0,0,0,0,0,19,0,10,0,16,0,0,0,12
ql/src/java/org/apache/hadoop/hive/ql/ErrorMsg.java,2.1.0,0,0,0,0,22,0,11,0,9,0,0,0,1
ql/src/java/org/apache/hadoop/hive/ql/exec/DDLTask.java,2.1.0,9,2,4,0,54,4,21,0,4,61,24,0,13
ql/src/java/org/apache/hadoop/hive/ql/io/HiveInputFormat.java,2.1.0,0,0,1,0,31,1,9,0,14,393,393,0,7
ql/src/java/org/apache/hadoop/hive/ql/io/orc/OrcInputFormat.java,2.1.0,93,114,4,0,57,2,8,3,4,150,106,1,19
common/src/java/org/apache/hadoop/hive/conf/HiveConf.java,2.1.0,62,14,18,0,227,11,40,0,0,115,1,0,19
llap-server/src/java/org/apache/hadoop/hive/llap/daemon/impl/LlapDaemon.java,2.1.0,18,3,3,0,67,1,9,6,3,393,393,0,12
common/src/test/org/apache/hadoop/hive/conf/TestHiveConf.java,2.1.0,0,0,0,0,4,0,5,0,66,0,0,0,1
ql/src/java/org/apache/hadoop/hive/ql/stats/StatsUtils.java,2.1.0,0,0,0,0,19,0,12,0,15,0,0,0,8
ql/src/java/org/apache/hadoop/hive/ql/optimizer/calcite/rules/HiveSortJoinReduceRule.java,2.1.0,0,0,0,0,4,0,2,0,22,0,0,0,2
llap-server/src/java/org/apache/hadoop/hive/llap/cli/LlapOptionsProcessor.java,2.1.0,0,0,0,0,17,0,5,0,14,0,0,0,10
llap-server/src/java/org/apache/hadoop/hive/llap/cli/LlapServiceDriver.java,2.1.0,11,4,1,0,36,1,7,0,4,85,85,1,18
common/src/java/org/apache/hadoop/hive/conf/HiveConf.java,2.1.0,62,14,18,0,227,11,40,0,0,115,1,0,19
itests/util/src/main/java/org/apache/hadoop/hive/ql/QTestUtil.java,2.1.0,10,4,1,0,49,1,19,0,5,73,73,0,11
ql/src/java/org/apache/hadoop/hive/ql/exec/PTFUtils.java,2.1.0,0,0,0,0,2,0,1,0,3,0,0,0,0
ql/src/java/org/apache/hadoop/hive/ql/exec/ReduceSinkOperator.java,2.1.0,0,0,0,0,11,0,7,0,19,0,0,0,3
ql/src/java/org/apache/hadoop/hive/ql/exec/SerializationUtilities.java,2.1.0,0,0,0,0,7,0,4,0,18,0,0,0,3
ql/src/java/org/apache/hadoop/hive/ql/exec/Task.java,2.1.0,0,0,0,0,10,0,8,0,24,0,0,0,1
ql/src/java/org/apache/hadoop/hive/ql/exec/Utilities.java,2.1.0,7,5,1,0,48,1,25,0,5,73,73,1,12
ql/src/java/org/apache/hadoop/hive/ql/exec/mr/ExecDriver.java,2.1.0,0,0,0,0,20,0,15,0,14,0,0,0,1
ql/src/java/org/apache/hadoop/hive/ql/exec/mr/MapRedTask.java,2.1.0,0,0,0,0,7,0,5,0,19,0,0,0,0
ql/src/java/org/apache/hadoop/hive/ql/exec/mr/MapredLocalTask.java,2.1.0,0,0,0,0,11,0,11,0,19,0,0,0,1
ql/src/java/org/apache/hadoop/hive/ql/optimizer/physical/GenSparkSkewJoinProcessor.java,2.1.0,0,0,0,0,8,0,6,0,41,0,0,0,1
ql/src/java/org/apache/hadoop/hive/ql/parse/GenTezUtils.java,2.1.0,0,0,0,0,12,0,8,0,15,0,0,0,1
ql/src/java/org/apache/hadoop/hive/ql/parse/TezCompiler.java,2.1.0,0,0,0,0,13,0,10,0,14,0,0,0,3
ql/src/java/org/apache/hadoop/hive/ql/parse/spark/GenSparkUtils.java,2.1.0,0,0,0,0,10,0,7,0,46,0,0,0,2
ql/src/java/org/apache/hadoop/hive/ql/parse/spark/SparkCompiler.java,2.1.0,0,0,0,0,6,0,5,0,37,0,0,0,1
ql/src/java/org/apache/hadoop/hive/ql/parse/spark/SplitOpTreeForDPP.java,2.1.0,0,0,0,0,3,0,2,0,73,0,0,0,1
ql/src/java/org/apache/hadoop/hive/ql/plan/AbstractOperatorDesc.java,2.1.0,0,0,0,0,4,0,3,0,48,0,0,0,0
ql/src/java/org/apache/hadoop/hive/ql/plan/AggregationDesc.java,2.1.0,0,0,0,0,1,0,1,0,0,0,0,0,0
ql/src/java/org/apache/hadoop/hive/ql/plan/LoadFileDesc.java,2.1.0,0,0,0,0,1,0,1,0,0,0,0,0,0
ql/src/java/org/apache/hadoop/hive/ql/plan/LoadMultiFilesDesc.java,2.1.0,0,0,0,0,1,0,1,0,0,0,0,0,0
ql/src/java/org/apache/hadoop/hive/ql/plan/PTFDesc.java,2.1.0,0,0,0,0,2,0,4,0,53,0,0,0,0
ql/src/java/org/apache/hadoop/hive/ql/plan/TableScanDesc.java,2.1.0,0,0,0,0,14,0,9,0,13,0,0,0,2
ql/src/java/org/apache/hadoop/hive/ql/plan/ptf/PTFExpressionDef.java,2.1.0,0,0,0,0,2,0,4,0,95,0,0,0,0
ql/src/java/org/apache/hadoop/hive/ql/plan/ptf/ShapeDetails.java,2.1.0,0,0,0,0,1,0,1,0,0,0,0,0,0
ql/src/java/org/apache/hadoop/hive/ql/udf/generic/GenericUDFLeadLag.java,2.1.0,0,0,0,0,1,0,2,0,293,0,0,0,0
ql/src/java/org/apache/hadoop/hive/ql/udf/ptf/TableFunctionEvaluator.java,2.1.0,0,0,0,0,1,0,2,0,293,0,0,0,0
ql/src/test/org/apache/hadoop/hive/ql/exec/TestPlan.java,2.1.0,0,0,0,0,3,0,2,0,20,0,0,0,0
ql/src/test/org/apache/hadoop/hive/ql/io/orc/TestInputOutputFormat.java,2.1.0,0,0,4,0,36,1,10,3,5,193,193,2,6
ql/src/java/org/apache/hadoop/hive/ql/exec/vector/VectorizedRowBatchCtx.java,2.1.0,0,0,0,0,13,0,7,0,21,0,0,0,1
ql/src/java/org/apache/hadoop/hive/ql/optimizer/calcite/HiveCalciteUtil.java,2.1.0,0,0,0,0,16,0,5,0,15,0,0,0,5
ql/src/java/org/apache/hadoop/hive/ql/optimizer/calcite/HivePlannerContext.java,2.1.0,0,0,0,0,2,0,1,0,0,0,0,0,1
ql/src/java/org/apache/hadoop/hive/ql/optimizer/calcite/HiveVolcanoPlannerContext.java,2.1.0,0,0,0,0,2,0,1,0,110,0,0,0,1
ql/src/java/org/apache/hadoop/hive/ql/optimizer/calcite/cost/HiveCostModel.java,2.1.0,0,0,0,0,2,0,2,0,90,0,0,0,0
ql/src/java/org/apache/hadoop/hive/ql/optimizer/calcite/cost/HiveVolcanoPlanner.java,2.1.0,0,0,0,0,2,0,1,0,110,0,0,0,0
ql/src/java/org/apache/hadoop/hive/ql/optimizer/calcite/reloperators/HiveJoin.java,2.1.0,0,0,0,0,5,0,3,0,26,0,0,0,1
ql/src/java/org/apache/hadoop/hive/ql/optimizer/calcite/reloperators/HiveSemiJoin.java,2.1.0,0,0,0,0,5,0,2,0,40,0,0,0,3
ql/src/java/org/apache/hadoop/hive/ql/optimizer/calcite/reloperators/HiveUnion.java,2.1.0,0,0,0,0,2,0,2,0,193,0,0,0,0
ql/src/java/org/apache/hadoop/hive/ql/optimizer/calcite/rules/HiveJoinAddNotNullRule.java,2.1.0,0,0,0,0,5,0,2,0,43,0,0,0,2
ql/src/java/org/apache/hadoop/hive/ql/optimizer/calcite/rules/HiveJoinPushTransitivePredicatesRule.java,2.1.0,0,0,0,0,5,0,4,0,31,0,0,0,3
ql/src/java/org/apache/hadoop/hive/ql/optimizer/calcite/rules/HivePreFilteringRule.java,2.1.0,0,0,0,0,8,0,3,0,21,0,0,0,4
ql/src/java/org/apache/hadoop/hive/ql/optimizer/calcite/rules/HiveRulesRegistry.java,2.1.0,0,0,0,0,3,0,1,0,110,0,0,0,1
ql/src/java/org/apache/hadoop/hive/ql/parse/CalcitePlanner.java,2.1.0,0,0,1,0,62,1,13,0,3,117,117,0,21
ql/src/test/org/apache/hadoop/hive/ql/optimizer/calcite/TestCBORuleFiredOnlyOnce.java,2.1.0,0,0,0,0,2,0,1,0,110,0,0,0,1
metastore/src/java/org/apache/hadoop/hive/metastore/hbase/HBaseUtils.java,2.1.0,0,0,0,0,22,0,8,0,7,0,0,0,6
ql/src/java/org/apache/hadoop/hive/ql/exec/Operator.java,2.1.0,55,13,2,0,21,1,11,18,14,105,105,1,3
ql/src/java/org/apache/hadoop/hive/ql/optimizer/stats/annotation/StatsRulesProcFactory.java,2.1.0,47,12,2,0,15,1,7,16,20,117,117,1,8
common/src/java/org/apache/hadoop/hive/conf/HiveConf.java,2.1.0,62,14,18,0,227,11,40,0,0,115,1,0,19
common/src/java/org/apache/hive/common/util/FixedSizedObjectPool.java,2.1.0,0,0,0,0,4,0,3,0,123,0,0,0,1
llap-common/src/java/org/apache/hadoop/hive/llap/metrics/LlapMetricsSystem.java,2.1.0,0,0,0,0,2,0,1,0,0,0,0,0,1
llap-common/src/java/org/apache/hadoop/hive/llap/metrics/MetricsUtils.java,2.1.0,0,0,0,0,5,0,1,0,0,0,0,0,1
llap-server/src/java/org/apache/hadoop/hive/llap/cache/BuddyAllocator.java,2.1.0,71,4,1,0,26,1,5,0,11,85,85,1,11
llap-server/src/java/org/apache/hadoop/hive/llap/daemon/impl/LlapDaemon.java,2.1.0,18,3,3,0,67,1,9,6,3,393,393,0,12
llap-server/src/java/org/apache/hadoop/hive/llap/io/api/impl/LlapIoImpl.java,2.1.0,3,3,1,0,34,1,5,0,7,393,393,0,8
llap-server/src/java/org/apache/hadoop/hive/llap/io/decode/EncodedDataConsumer.java,2.1.0,0,0,0,0,14,0,3,0,6,0,0,0,4
llap-server/src/java/org/apache/hadoop/hive/llap/io/decode/OrcColumnVectorProducer.java,2.1.0,0,0,0,0,29,0,4,0,3,0,0,0,8
llap-server/src/java/org/apache/hadoop/hive/llap/io/decode/OrcEncodedDataConsumer.java,2.1.0,0,0,0,0,33,0,5,0,3,0,0,0,8
llap-server/src/java/org/apache/hadoop/hive/llap/io/encoded/OrcEncodedDataReader.java,2.1.0,0,0,1,0,50,1,7,0,5,4,4,1,14
llap-server/src/java/org/apache/hadoop/hive/llap/metrics/LlapDaemonCacheInfo.java,2.1.0,0,0,0,0,4,0,2,0,4,0,0,0,1
llap-server/src/java/org/apache/hadoop/hive/llap/metrics/LlapDaemonCacheMetrics.java,2.1.0,0,0,0,0,8,0,3,0,13,0,0,0,2
llap-server/src/java/org/apache/hadoop/hive/llap/metrics/LlapDaemonExecutorInfo.java,2.1.0,0,0,0,0,6,0,3,0,4,0,0,0,1
llap-server/src/java/org/apache/hadoop/hive/llap/metrics/LlapDaemonExecutorMetrics.java,2.1.0,0,0,0,0,7,0,3,0,11,0,0,0,1
llap-server/src/java/org/apache/hadoop/hive/llap/metrics/LlapDaemonIOInfo.java,2.1.0,0,0,0,0,4,0,1,0,4,0,0,0,1
llap-server/src/java/org/apache/hadoop/hive/llap/metrics/LlapDaemonIOMetrics.java,2.1.0,0,0,0,0,2,0,1,0,4,0,0,0,1
llap-server/src/java/org/apache/hadoop/hive/llap/metrics/LlapDaemonQueueMetrics.java,2.1.0,0,0,0,0,3,0,2,0,205,0,0,0,1
ql/src/java/org/apache/hadoop/hive/ql/io/orc/encoded/EncodedReaderImpl.java,2.1.0,0,0,0,0,42,0,4,0,9,0,0,0,6
storage-api/src/java/org/apache/hadoop/hive/common/Pool.java,2.1.0,0,0,0,0,2,0,2,0,256,0,0,0,1
serde/src/java/org/apache/hadoop/hive/serde2/objectinspector/ObjectInspectorFactory.java,2.1.0,0,0,0,0,2,0,2,0,14,0,0,0,1
hbase-handler/src/java/org/apache/hadoop/hive/hbase/HBaseLazyObjectFactory.java,2.1.0,0,0,0,0,1,0,2,0,131,0,0,0,0
hbase-handler/src/test/org/apache/hadoop/hive/hbase/TestHBaseSerDe.java,2.1.0,0,0,0,0,1,0,2,0,187,0,0,0,0
common/src/java/org/apache/hadoop/hive/common/jsonexplain/tez/Connection.java,2.1.0,0,0,0,0,1,0,1,0,0,0,0,0,0
common/src/java/org/apache/hadoop/hive/common/jsonexplain/tez/Op.java,2.1.0,0,0,0,0,3,0,3,0,109,0,0,0,2
common/src/java/org/apache/hadoop/hive/common/jsonexplain/tez/Vertex.java,2.1.0,0,0,0,0,3,0,2,0,109,0,0,0,3
hcatalog/core/src/test/java/org/apache/hive/hcatalog/cli/TestPermsGrp.java,2.1.0,0,0,0,0,1,0,1,0,0,0,0,0,0
itests/hive-unit/src/test/java/org/apache/hadoop/hive/metastore/TestReplChangeManager.java,2.1.0,0,0,0,0,0,0,0,0,0,0,0,0,0
metastore/src/java/org/apache/hadoop/hive/metastore/HiveAlterHandler.java,2.1.0,0,0,0,0,11,0,10,0,23,0,0,0,1
metastore/src/java/org/apache/hadoop/hive/metastore/HiveMetaStore.java,2.1.0,40,20,1,0,71,1,28,0,4,4,4,0,17
metastore/src/java/org/apache/hadoop/hive/metastore/Warehouse.java,2.1.0,0,0,0,0,5,0,5,0,13,0,0,0,0
ql/src/java/org/apache/hadoop/hive/ql/parse/ImportSemanticAnalyzer.java,2.1.0,0,0,0,0,6,0,5,0,12,0,0,0,2
ql/src/java/org/apache/hadoop/hive/ql/parse/SemanticAnalyzer.java,2.1.0,52,21,3,0,108,2,27,9,2,112,106,2,39
ql/src/java/org/apache/hadoop/hive/ql/parse/TaskCompiler.java,2.1.0,0,0,0,0,12,0,10,0,18,0,0,0,3
ql/src/test/org/apache/hadoop/hive/ql/metadata/TestHive.java,2.1.0,0,0,0,0,4,0,2,0,58,0,0,0,2
common/src/java/org/apache/hadoop/hive/conf/HiveConf.java,2.1.0,62,14,18,0,227,11,40,0,0,115,1,0,19
metastore/src/java/org/apache/hadoop/hive/metastore/MetaStoreDirectSql.java,2.1.0,0,0,1,0,26,1,13,0,11,22,22,0,13
metastore/src/java/org/apache/hadoop/hive/metastore/ObjectStore.java,2.1.0,138,42,2,0,49,2,20,9,7,198,4,1,15
metastore/src/java/org/apache/hadoop/hive/metastore/StatObjectConverter.java,2.1.0,0,0,0,0,4,0,4,0,118,0,0,0,0
ql/src/java/org/apache/hadoop/hive/ql/parse/BaseSemanticAnalyzer.java,2.1.0,0,0,1,0,16,1,9,0,15,393,393,1,5
ql/src/java/org/apache/hadoop/hive/ql/exec/DDLTask.java,2.1.0,9,2,4,0,54,4,21,0,4,61,24,0,13
ql/src/java/org/apache/hadoop/hive/ql/parse/DDLSemanticAnalyzer.java,2.1.0,0,0,1,0,21,1,15,0,17,24,24,0,6
ql/src/java/org/apache/hadoop/hive/ql/parse/SemanticAnalyzerFactory.java,2.1.0,0,0,0,0,10,0,9,0,8,0,0,0,0
ql/src/java/org/apache/hadoop/hive/ql/plan/AlterTableDesc.java,2.1.0,0,0,0,0,4,0,3,0,75,0,0,0,0
ql/src/java/org/apache/hadoop/hive/ql/plan/HiveOperation.java,2.1.0,0,0,0,0,8,0,7,0,57,0,0,0,0
ql/src/java/org/apache/hadoop/hive/ql/security/authorization/plugin/HiveOperationType.java,2.1.0,0,0,0,0,8,0,7,0,53,0,0,0,1
ql/src/java/org/apache/hadoop/hive/ql/security/authorization/plugin/sqlstd/Operation2Privilege.java,2.1.0,0,0,0,0,9,0,8,0,47,0,0,0,1
ql/src/java/org/apache/hadoop/hive/ql/exec/vector/VectorizationContext.java,2.1.0,331,193,6,0,33,2,8,2,6,218,44,5,18
vector-code-gen/src/org/apache/hadoop/hive/tools/GenVectorCode.java,2.1.0,0,0,0,0,0,0,0,0,0,0,0,0,0
ql/src/java/org/apache/hadoop/hive/ql/exec/DDLTask.java,2.1.0,9,2,4,0,54,4,21,0,4,61,24,0,13
ql/src/java/org/apache/hadoop/hive/ql/parse/SemanticAnalyzer.java,2.1.0,52,21,3,0,108,2,27,9,2,112,106,2,39
ql/src/java/org/apache/hadoop/hive/ql/session/LineageState.java,2.1.0,0,0,0,0,1,0,1,0,0,0,0,0,0
ql/src/java/org/apache/hadoop/hive/ql/exec/FunctionRegistry.java,2.1.0,0,0,3,0,30,3,16,2,6,60,1,1,5
serde/src/java/org/apache/hadoop/hive/serde2/objectinspector/primitive/PrimitiveObjectInspectorUtils.java,2.1.0,0,0,0,0,2,0,2,0,205,0,0,0,0
serde/src/java/org/apache/hadoop/hive/serde2/typeinfo/TypeInfoUtils.java,2.1.0,0,0,0,0,8,0,5,0,50,0,0,0,1
metastore/src/java/org/apache/hadoop/hive/metastore/txn/TxnHandler.java,2.1.0,233,156,5,0,41,2,5,3,6,52,24,1,29
serde/src/java/org/apache/hadoop/hive/serde2/objectinspector/primitive/PrimitiveObjectInspectorUtils.java,2.1.0,0,0,0,0,2,0,2,0,205,0,0,0,0
serde/src/test/org/apache/hadoop/hive/serde2/objectinspector/primitive/TestPrimitiveObjectInspectorUtils.java,2.1.0,0,0,0,0,0,0,0,0,0,0,0,0,0
standalone-metastore/src/main/java/org/apache/hadoop/hive/metastore/txn/TxnUtils.java,2.1.0,0,0,0,0,0,0,0,0,0,0,0,0,0
standalone-metastore/src/test/java/org/apache/hadoop/hive/metastore/txn/TestTxnUtils.java,2.1.0,0,0,0,0,0,0,0,0,0,0,0,0,0
ql/src/java/org/apache/hadoop/hive/ql/optimizer/spark/CombineEquivalentWorkResolver.java,2.1.0,0,0,0,0,3,0,3,0,63,0,0,0,1
ql/src/java/org/apache/hadoop/hive/ql/plan/PartitionDesc.java,2.1.0,0,0,0,0,5,0,4,0,94,0,0,0,2
ql/src/java/org/apache/hadoop/hive/ql/plan/VectorPartitionDesc.java,2.1.0,0,0,0,0,2,0,1,0,166,0,0,0,2
ql/src/java/org/apache/hadoop/hive/ql/exec/spark/status/RemoteSparkJobMonitor.java,2.1.0,0,0,0,0,2,0,2,0,209,0,0,0,0
ql/src/java/org/apache/hadoop/hive/ql/exec/spark/status/SparkJobStatus.java,2.1.0,0,0,0,0,1,0,3,0,184,0,0,0,0
ql/src/java/org/apache/hadoop/hive/ql/exec/spark/status/impl/LocalSparkJobStatus.java,2.1.0,0,0,0,0,4,0,4,0,82,0,0,0,0
ql/src/java/org/apache/hadoop/hive/ql/exec/spark/status/impl/RemoteSparkJobStatus.java,2.1.0,0,0,0,0,4,0,4,0,82,0,0,0,0
spark-client/src/main/java/org/apache/hive/spark/client/JobHandle.java,2.1.0,0,0,0,0,0,0,2,0,14,0,0,0,0
spark-client/src/main/java/org/apache/hive/spark/client/JobHandleImpl.java,2.1.0,0,0,0,0,0,0,2,0,14,0,0,0,0
metastore/src/java/org/apache/hadoop/hive/metastore/txn/CompactionTxnHandler.java,2.1.0,6,5,1,0,17,1,7,0,13,24,24,0,10
metastore/src/java/org/apache/hadoop/hive/metastore/txn/TxnHandler.java,2.1.0,233,156,5,0,41,2,5,3,6,52,24,1,29
metastore/src/java/org/apache/hadoop/hive/metastore/txn/TxnUtils.java,2.1.0,0,0,3,0,8,2,3,8,12,52,24,1,5
metastore/src/test/org/apache/hadoop/hive/metastore/txn/TestTxnUtils.java,2.1.0,45,5,1,0,2,1,2,0,71,81,81,1,2
ql/src/java/org/apache/hadoop/hive/ql/optimizer/calcite/cost/HiveAlgorithmsUtil.java,2.1.0,0,0,0,0,2,0,2,0,63,0,0,0,0
ql/src/java/org/apache/hadoop/hive/ql/optimizer/calcite/cost/HiveOnTezCostModel.java,2.1.0,0,0,0,0,3,0,2,0,106,0,0,0,0
ql/src/java/org/apache/hadoop/hive/ql/optimizer/stats/annotation/StatsRulesProcFactory.java,2.1.0,47,12,2,0,15,1,7,16,20,117,117,1,8
common/src/java/org/apache/hadoop/hive/conf/HiveConf.java,2.1.0,62,14,18,0,227,11,40,0,0,115,1,0,19
itests/hive-minikdc/src/test/java/org/apache/hive/minikdc/TestJdbcWithMiniKdcCookie.java,2.1.0,0,0,0,0,1,0,1,0,0,0,0,0,1
service/src/java/org/apache/hive/service/cli/thrift/ThriftHttpServlet.java,2.1.0,0,0,1,0,9,1,4,0,46,58,58,0,3
service/src/test/org/apache/hive/service/cli/thrift/ThriftCliServiceTestWithCookie.java,2.1.0,0,0,0,0,1,0,1,0,0,0,0,0,0
hcatalog/server-extensions/src/test/java/org/apache/hive/hcatalog/listener/TestNotificationListener.java,2.1.0,0,0,0,0,1,0,1,0,0,0,0,0,0
ql/src/java/org/apache/hadoop/hive/ql/parse/CalcitePlanner.java,2.1.0,0,0,1,0,62,1,13,0,3,117,117,0,21
ql/src/java/org/apache/hadoop/hive/ql/parse/SemanticAnalyzer.java,2.1.0,52,21,3,0,108,2,27,9,2,112,106,2,39
ql/src/java/org/apache/hadoop/hive/ql/exec/FunctionRegistry.java,2.1.0,0,0,3,0,30,3,16,2,6,60,1,1,5
ql/src/java/org/apache/hadoop/hive/ql/exec/vector/expressions/VectorUDFDayOfWeekDate.java,2.1.0,0,0,0,0,0,0,0,0,0,0,0,0,0
ql/src/java/org/apache/hadoop/hive/ql/exec/vector/expressions/VectorUDFDayOfWeekString.java,2.1.0,0,0,0,0,0,0,0,0,0,0,0,0,0
ql/src/java/org/apache/hadoop/hive/ql/exec/vector/expressions/VectorUDFDayOfWeekTimestamp.java,2.1.0,0,0,0,0,0,0,0,0,0,0,0,0,0
ql/src/java/org/apache/hadoop/hive/ql/optimizer/physical/Vectorizer.java,2.1.0,144,83,1,0,34,1,13,0,8,44,44,1,13
ql/src/java/org/apache/hadoop/hive/ql/udf/UDFDayOfWeek.java,2.1.0,0,0,0,0,0,0,0,0,0,0,0,0,0
service/src/test/org/apache/hive/service/cli/session/TestSessionManagerMetrics.java,2.1.0,0,0,0,0,2,0,1,0,25,0,0,0,1
ql/src/java/org/apache/hadoop/hive/ql/exec/FunctionInfo.java,2.1.0,0,0,0,0,0,0,2,0,45,0,0,0,0
ql/src/java/org/apache/hadoop/hive/ql/exec/FunctionRegistry.java,2.1.0,0,0,3,0,30,3,16,2,6,60,1,1,5
ql/src/java/org/apache/hadoop/hive/ql/exec/Registry.java,2.1.0,19,10,5,0,11,3,7,3,16,43,22,0,2
ql/src/java/org/apache/hadoop/hive/ql/exec/WindowFunctionInfo.java,2.1.0,0,0,0,0,0,0,1,0,0,0,0,0,0
ql/src/java/org/apache/hadoop/hive/ql/optimizer/calcite/translator/SqlFunctionConverter.java,2.1.0,0,0,0,0,10,0,4,0,18,0,0,0,3
ql/src/test/org/apache/hadoop/hive/ql/exec/TestFunctionRegistry.java,2.1.0,0,0,0,0,3,0,3,0,49,0,0,0,0
ql/src/java/org/apache/hadoop/hive/ql/optimizer/TablePropertyEnrichmentOptimizer.java,2.1.0,0,0,0,0,0,0,0,0,0,0,0,0,0
common/src/java/org/apache/hadoop/hive/conf/HiveConf.java,2.1.0,62,14,18,0,227,11,40,0,0,115,1,0,19
ql/src/java/org/apache/hadoop/hive/ql/optimizer/Optimizer.java,2.1.0,0,0,0,0,20,0,12,0,14,0,0,0,7
ql/src/java/org/apache/hadoop/hive/ql/optimizer/TablePropertyEnrichmentOptimizer.java,2.1.0,0,0,0,0,0,0,0,0,0,0,0,0,0
serde/src/java/org/apache/hadoop/hive/serde2/avro/AvroSerDe.java,2.1.0,0,0,0,0,3,0,3,0,16,0,0,0,0
ql/src/java/org/apache/hadoop/hive/ql/lockmgr/DbTxnManager.java,2.1.0,22,23,1,0,17,1,3,0,17,24,24,1,9
metastore/src/java/org/apache/hadoop/hive/metastore/IExtrapolatePartStatus.java,2.1.0,0,0,0,0,0,0,1,0,0,0,0,0,0
metastore/src/java/org/apache/hadoop/hive/metastore/StatObjectConverter.java,2.1.0,0,0,0,0,4,0,4,0,118,0,0,0,0
ql/src/java/org/apache/hadoop/hive/ql/optimizer/SortedDynPartitionOptimizer.java,2.1.0,45,3,1,0,13,1,5,0,14,117,117,1,7
common/src/java/org/apache/hive/http/HttpServer.java,2.1.0,0,0,0,0,8,0,4,0,14,0,0,0,2
ql/src/java/org/apache/hadoop/hive/ql/session/SessionState.java,2.1.0,6,11,2,0,41,2,18,0,7,54,34,0,11
ql/src/java/org/apache/hadoop/hive/ql/parse/SemanticAnalyzer.java,2.1.0,52,21,3,0,108,2,27,9,2,112,106,2,39
metastore/src/java/org/apache/hadoop/hive/metastore/txn/TxnHandler.java,2.1.0,233,156,5,0,41,2,5,3,6,52,24,1,29
metastore/src/test/org/apache/hadoop/hive/metastore/txn/TestTxnUtils.java,2.1.0,45,5,1,0,2,1,2,0,71,81,81,1,2
ql/src/java/org/apache/hadoop/hive/ql/optimizer/calcite/HiveRexUtil.java,2.1.0,82,12,3,0,8,1,1,6,3,117,117,2,6
ql/src/java/org/apache/hadoop/hive/ql/udf/generic/GenericUDFMapValues.java,2.1.0,0,0,0,0,0,0,1,0,0,0,0,0,0
ql/src/test/org/apache/hadoop/hive/ql/udf/generic/TestGenericUDFMapValues.java,2.1.0,0,0,0,0,0,0,0,0,0,0,0,0,0
itests/hive-unit/src/main/java/org/apache/hive/jdbc/miniHS2/AbstractHiveService.java,2.1.0,0,0,0,0,0,0,1,0,0,0,0,0,0
itests/hive-unit/src/main/java/org/apache/hive/jdbc/miniHS2/MiniHS2.java,2.1.0,0,0,0,0,11,0,8,0,26,0,0,0,3
itests/hive-unit/src/test/java/org/apache/hive/service/cli/thrift/TestMiniHS2StateWithNoZookeeper.java,2.1.0,0,0,0,0,0,0,0,0,0,0,0,0,0
service/src/java/org/apache/hive/service/cli/session/SessionManager.java,2.1.0,0,0,0,0,12,0,8,0,29,0,0,0,2
service/src/java/org/apache/hive/service/server/HiveServer2.java,2.1.0,0,0,1,0,22,1,9,0,14,393,393,1,10
ql/src/java/org/apache/hadoop/hive/ql/optimizer/ColumnPrunerProcFactory.java,2.1.0,0,0,0,0,8,0,5,0,30,0,0,0,3
itests/hive-unit/src/test/java/org/apache/hive/beeline/TestBeeLineWithArgs.java,2.1.0,0,0,0,0,9,0,7,0,38,0,0,0,3
itests/hive-unit/src/test/java/org/apache/hive/jdbc/TestJdbcWithMiniHS2.java,2.1.0,244,7,3,0,12,2,4,2,7,54,35,2,6
ql/src/java/org/apache/hadoop/hive/ql/optimizer/StatsOptimizer.java,2.1.0,0,0,0,0,10,0,5,0,26,0,0,0,7
service/src/test/org/apache/hive/service/cli/session/TestSessionManagerMetrics.java,2.1.0,0,0,0,0,2,0,1,0,25,0,0,0,1
ql/src/java/org/apache/hadoop/hive/ql/optimizer/physical/PhysicalOptimizer.java,2.1.0,0,0,0,0,0,0,0,0,0,0,0,0,0
ql/src/java/org/apache/hadoop/hive/ql/optimizer/calcite/stats/HiveRelMdPredicates.java,2.1.0,0,0,1,0,5,1,3,0,37,117,117,1,2
orc/src/java/org/apache/orc/impl/TreeReaderFactory.java,2.1.0,0,0,1,0,18,1,2,0,27,44,44,0,1
hcatalog/server-extensions/src/test/java/org/apache/hive/hcatalog/listener/TestMsgBusConnection.java,2.1.0,0,0,0,0,0,0,0,0,0,0,0,0,0
service/src/test/org/apache/hive/service/cli/CLIServiceRestoreTest.java,2.1.0,0,0,0,0,3,0,1,0,0,0,0,0,1
hcatalog/core/src/main/java/org/apache/hive/hcatalog/cli/HCatCli.java,2.1.0,0,0,0,0,1,0,1,0,0,0,0,0,0
hcatalog/core/src/test/java/org/apache/hive/hcatalog/cli/TestPermsGrp.java,2.1.0,0,0,0,0,1,0,1,0,0,0,0,0,0
metastore/src/java/org/apache/hadoop/hive/metastore/txn/TxnHandler.java,2.1.0,233,156,5,0,41,2,5,3,6,52,24,1,29
ql/src/java/org/apache/hadoop/hive/ql/stats/StatsUtils.java,2.1.0,0,0,0,0,19,0,12,0,15,0,0,0,8
metastore/src/java/org/apache/hadoop/hive/metastore/events/DropTableEvent.java,2.1.0,0,0,0,0,0,0,0,0,0,0,0,0,0
metastore/src/java/org/apache/hadoop/hive/metastore/events/PreDropPartitionEvent.java,2.1.0,0,0,0,0,1,0,1,0,0,0,0,0,0
metastore/src/java/org/apache/hadoop/hive/metastore/events/PreDropTableEvent.java,2.1.0,0,0,0,0,0,0,0,0,0,0,0,0,0
ql/src/java/org/apache/hadoop/hive/ql/io/parquet/convert/HiveSchemaConverter.java,2.1.0,0,0,0,0,2,0,2,0,279,0,0,0,0
ql/src/test/org/apache/hadoop/hive/ql/io/parquet/TestHiveSchemaConverter.java,2.1.0,0,0,0,0,1,0,1,0,0,0,0,0,0
common/src/java/org/apache/hadoop/hive/ql/log/PerfLogger.java,2.1.0,0,0,0,0,11,0,6,0,19,0,0,0,2
ql/src/java/org/apache/hadoop/hive/ql/exec/MapJoinOperator.java,2.1.0,4,4,1,0,29,1,13,0,6,24,24,0,6
metastore/src/java/org/apache/hadoop/hive/metastore/txn/TxnHandler.java,2.1.0,233,156,5,0,41,2,5,3,6,52,24,1,29
ql/src/java/org/apache/hadoop/hive/ql/exec/CommonJoinOperator.java,2.1.0,0,0,0,0,4,0,4,0,79,0,0,0,0
common/src/java/org/apache/hive/common/HiveVersionAnnotation.java,2.1.0,0,0,0,0,0,0,0,0,0,0,0,0,0
common/src/java/org/apache/hive/common/util/HiveVersionInfo.java,2.1.0,0,0,0,0,1,0,1,0,0,0,0,0,0
ql/src/java/org/apache/hadoop/hive/ql/exec/tez/CustomPartitionVertex.java,2.1.0,0,0,0,0,7,0,5,0,20,0,0,0,0
ql/src/test/org/apache/hadoop/hive/ql/exec/tez/TestCustomPartitionVertex.java,2.1.0,0,0,0,0,0,0,0,0,0,0,0,0,0
metastore/src/test/org/apache/hadoop/hive/metastore/TestHiveMetaStorePartitionSpecs.java,2.1.0,0,0,0,0,2,0,4,0,114,0,0,0,0
metastore/src/test/org/apache/hadoop/hive/metastore/TestObjectStore.java,2.1.0,0,0,0,0,8,0,6,0,44,0,0,0,1
metastore/src/java/org/apache/hadoop/hive/metastore/txn/TxnHandler.java,2.1.0,233,156,5,0,41,2,5,3,6,52,24,1,29
ql/src/java/org/apache/hadoop/hive/ql/exec/Utilities.java,2.1.0,7,5,1,0,48,1,25,0,5,73,73,1,12
ql/src/test/org/apache/hadoop/hive/ql/exec/TestUtilities.java,2.1.0,0,0,0,0,3,0,3,0,84,0,0,0,0
ql/src/java/org/apache/hadoop/hive/ql/exec/Registry.java,2.1.0,19,10,5,0,11,3,7,3,16,43,22,0,2
ql/src/java/org/apache/hadoop/hive/ql/util/ResourceDownloader.java,2.1.0,0,0,0,0,1,0,1,0,0,0,0,0,1
beeline/src/java/org/apache/hive/beeline/Commands.java,2.1.0,0,0,0,0,18,0,10,0,9,0,0,0,3
ql/src/java/org/apache/hadoop/hive/ql/metadata/Table.java,2.1.0,0,0,0,0,7,0,6,0,25,0,0,0,1
ql/src/java/org/apache/hadoop/hive/ql/parse/TaskCompiler.java,2.1.0,0,0,0,0,12,0,10,0,18,0,0,0,3
ql/src/java/org/apache/hadoop/hive/ql/exec/Utilities.java,2.1.0,7,5,1,0,48,1,25,0,5,73,73,1,12
ql/src/java/org/apache/hadoop/hive/ql/exec/mr/MapredLocalTask.java,2.1.0,0,0,0,0,11,0,11,0,19,0,0,0,1
ql/src/java/org/apache/hadoop/hive/ql/exec/spark/HiveSparkClientFactory.java,2.1.0,4,7,1,0,17,1,7,0,10,29,29,1,4
ql/src/test/org/apache/hadoop/hive/ql/exec/TestUtilities.java,2.1.0,0,0,0,0,3,0,3,0,84,0,0,0,0
metastore/src/java/org/apache/hadoop/hive/metastore/RetryingHMSHandler.java,2.1.0,0,0,0,0,3,0,3,0,77,0,0,0,0
common/src/java/org/apache/hadoop/hive/conf/HiveConf.java,2.1.0,62,14,18,0,227,11,40,0,0,115,1,0,19
ql/src/test/org/apache/hadoop/hive/ql/security/authorization/plugin/sqlstd/TestSQLStdHiveAccessControllerHS2.java,2.1.0,0,0,0,0,0,0,1,0,0,0,0,0,0
beeline/src/java/org/apache/hive/beeline/Commands.java,2.1.0,0,0,0,0,18,0,10,0,9,0,0,0,3
beeline/src/java/org/apache/hive/beeline/BeeLine.java,2.1.0,27,5,2,0,37,1,16,5,6,2,2,1,11
beeline/src/java/org/apache/hive/beeline/Commands.java,2.1.0,0,0,0,0,18,0,10,0,9,0,0,0,3
itests/hive-unit/src/test/java/org/apache/hive/beeline/TestBeeLineWithArgs.java,2.1.0,0,0,0,0,9,0,7,0,38,0,0,0,3
jdbc/src/java/org/apache/hive/jdbc/Utils.java,2.1.0,0,0,0,0,14,0,6,0,30,0,0,0,7
itests/hive-unit/src/test/java/org/apache/hive/jdbc/TestJdbcDriver2.java,2.1.0,55,4,1,0,21,1,13,0,10,73,73,0,6
service/src/java/org/apache/hive/service/cli/operation/GetColumnsOperation.java,2.1.0,0,0,0,0,7,0,2,0,36,0,0,0,0
ql/src/java/org/apache/hadoop/hive/ql/io/orc/ReaderImpl.java,2.1.0,5,287,2,0,37,1,8,20,7,193,193,0,5
ql/src/test/org/apache/hadoop/hive/ql/TestTxnCommands2.java,2.1.0,0,0,1,0,24,1,7,0,6,24,24,1,15
llap-server/src/java/org/apache/hadoop/hive/llap/daemon/impl/LlapTaskReporter.java,2.1.0,27,8,2,0,10,2,3,10,23,249,105,1,6
ql/src/java/org/apache/hadoop/hive/ql/exec/MapredContext.java,2.1.0,0,0,1,0,4,1,5,0,114,105,105,0,0
ql/src/java/org/apache/hadoop/hive/ql/exec/Operator.java,2.1.0,55,13,2,0,21,1,11,18,14,105,105,1,3
ql/src/java/org/apache/hadoop/hive/ql/exec/tez/MapRecordProcessor.java,2.1.0,48,11,3,0,20,2,9,9,13,249,105,2,7
ql/src/java/org/apache/hadoop/hive/ql/exec/tez/MergeFileRecordProcessor.java,2.1.0,6,2,2,0,7,1,6,18,28,105,105,1,2
ql/src/java/org/apache/hadoop/hive/ql/exec/tez/RecordProcessor.java,2.1.0,15,2,2,0,6,1,6,18,34,105,105,1,1
ql/src/java/org/apache/hadoop/hive/ql/exec/tez/ReduceRecordProcessor.java,2.1.0,30,7,2,0,13,1,9,18,18,105,105,1,5
ql/src/java/org/apache/hadoop/hive/ql/exec/tez/TezProcessor.java,2.1.0,23,2,2,0,11,1,9,18,19,105,105,1,3
ql/src/java/org/apache/hadoop/hive/ql/exec/MoveTask.java,2.1.0,12,4,1,0,20,1,11,0,7,37,37,1,5
ql/src/java/org/apache/hadoop/hive/ql/metadata/Hive.java,2.1.0,141,89,5,0,68,4,24,2,3,69,24,2,18
ql/src/java/org/apache/hadoop/hive/ql/parse/PTFTranslator.java,2.1.0,5,2,1,0,7,1,3,0,53,117,117,0,0
ql/src/java/org/apache/hadoop/hive/ql/udf/generic/GenericUDFOPDivide.java,2.1.0,0,0,0,0,0,0,0,0,0,0,0,0,0
ql/src/test/org/apache/hadoop/hive/ql/udf/generic/TestGenericUDFOPDivide.java,2.1.0,0,0,0,0,0,0,1,0,49,0,0,0,0
orc/src/java/org/apache/orc/impl/ConvertTreeReaderFactory.java,2.1.0,178,151,2,0,4,1,2,3,15,44,44,2,3
orc/src/java/org/apache/orc/impl/RecordReaderImpl.java,2.1.0,0,0,0,0,66,0,1,0,0,0,0,0,1
ql/src/java/org/apache/hadoop/hive/ql/exec/FileSinkOperator.java,2.1.0,11,12,3,0,22,2,9,9,8,106,106,0,2
ql/src/java/org/apache/hadoop/hive/ql/exec/vector/VectorizationContext.java,2.1.0,331,193,6,0,33,2,8,2,6,218,44,5,18
ql/src/java/org/apache/hadoop/hive/ql/exec/vector/expressions/CastDecimalToLong.java,2.1.0,0,0,0,0,0,0,1,0,0,0,0,0,0
ql/src/java/org/apache/hadoop/hive/ql/io/sarg/ConvertAstToSearchArg.java,2.1.0,0,0,0,0,8,0,5,0,18,0,0,0,1
ql/src/java/org/apache/hadoop/hive/ql/optimizer/ConstantPropagateProcFactory.java,2.1.0,0,0,0,0,19,0,10,0,16,0,0,0,12
ql/src/java/org/apache/hadoop/hive/ql/optimizer/calcite/translator/ASTBuilder.java,2.1.0,0,0,1,0,4,1,2,0,78,106,106,0,2
ql/src/java/org/apache/hadoop/hive/ql/parse/DDLSemanticAnalyzer.java,2.1.0,0,0,1,0,21,1,15,0,17,24,24,0,6
ql/src/java/org/apache/hadoop/hive/ql/parse/ParseUtils.java,2.1.0,0,0,0,0,4,0,4,0,65,0,0,0,1
ql/src/java/org/apache/hadoop/hive/ql/parse/SemanticAnalyzer.java,2.1.0,52,21,3,0,108,2,27,9,2,112,106,2,39
ql/src/java/org/apache/hadoop/hive/ql/parse/TypeCheckProcFactory.java,2.1.0,0,0,0,0,14,0,7,0,16,0,0,0,5
ql/src/java/org/apache/hadoop/hive/ql/udf/UDFToInteger.java,2.1.0,0,0,0,0,2,0,3,0,285,0,0,0,0
ql/src/java/org/apache/hadoop/hive/ql/udf/UDFToLong.java,2.1.0,0,0,0,0,2,0,2,0,60,0,0,0,0
ql/src/java/org/apache/hadoop/hive/ql/udf/UDFToShort.java,2.1.0,0,0,0,0,2,0,2,0,60,0,0,0,0
ql/src/java/org/apache/hadoop/hive/ql/udf/generic/GenericUDAFPercentileApprox.java,2.1.0,0,0,0,0,2,0,2,0,118,0,0,0,0
ql/src/java/org/apache/hadoop/hive/ql/udf/generic/GenericUDFLeadLag.java,2.1.0,0,0,0,0,1,0,2,0,293,0,0,0,0
ql/src/java/org/apache/hadoop/hive/ql/udf/generic/GenericUDFOPDivide.java,2.1.0,0,0,0,0,0,0,0,0,0,0,0,0,0
ql/src/java/org/apache/hadoop/hive/ql/udf/generic/GenericUDFPrintf.java,2.1.0,0,0,0,0,1,0,1,0,0,0,0,0,0
ql/src/java/org/apache/hadoop/hive/ql/udf/ptf/WindowingTableFunction.java,2.1.0,5,4,1,0,9,1,3,0,27,73,73,0,3
ql/src/test/org/apache/hadoop/hive/ql/udf/generic/TestGenericUDFOPDivide.java,2.1.0,0,0,0,0,0,0,1,0,49,0,0,0,0
serde/src/java/org/apache/hadoop/hive/serde2/objectinspector/primitive/PrimitiveObjectInspectorUtils.java,2.1.0,0,0,0,0,2,0,2,0,205,0,0,0,0
storage-api/src/java/org/apache/hadoop/hive/common/type/HiveDecimal.java,2.1.0,0,0,0,0,6,0,3,0,29,0,0,0,1
common/src/java/org/apache/hadoop/hive/conf/HiveConf.java,2.1.0,62,14,18,0,227,11,40,0,0,115,1,0,19
ql/src/java/org/apache/hadoop/hive/ql/exec/tez/DagUtils.java,2.1.0,0,0,0,0,20,0,12,0,19,0,0,0,6
ql/src/java/org/apache/hadoop/hive/ql/exec/tez/TezTask.java,2.1.0,0,0,0,0,17,0,11,0,12,0,0,0,5
ql/src/java/org/apache/hadoop/hive/ql/parse/TezCompiler.java,2.1.0,0,0,0,0,13,0,10,0,14,0,0,0,3
ql/src/java/org/apache/hadoop/hive/ql/plan/BaseWork.java,2.1.0,0,0,0,0,11,0,9,0,20,0,0,0,1
ql/src/test/org/apache/hadoop/hive/ql/exec/tez/TestTezTask.java,2.1.0,0,0,0,0,2,0,1,0,112,0,0,0,0
ql/src/java/org/apache/hadoop/hive/ql/io/AcidUtils.java,2.1.0,23,13,2,0,16,2,6,2,23,94,81,0,5
ql/src/java/org/apache/hadoop/hive/ql/metadata/Hive.java,2.1.0,141,89,5,0,68,4,24,2,3,69,24,2,18
metastore/src/java/org/apache/hadoop/hive/metastore/txn/TxnHandler.java,2.1.0,233,156,5,0,41,2,5,3,6,52,24,1,29
ql/src/java/org/apache/hadoop/hive/ql/metadata/Hive.java,2.1.0,141,89,5,0,68,4,24,2,3,69,24,2,18
itests/hive-jmh/src/main/java/org/apache/hive/benchmark/serde/LazySimpleSerDeBench.java,2.1.0,0,0,0,0,1,0,1,0,0,0,0,0,1
serde/src/java/org/apache/hadoop/hive/serde2/lazy/LazyDate.java,2.1.0,0,0,0,0,1,0,1,0,0,0,0,0,0
serde/src/java/org/apache/hadoop/hive/serde2/lazy/LazyTimestamp.java,2.1.0,0,0,0,0,1,0,2,0,263,0,0,0,0
serde/src/java/org/apache/hadoop/hive/serde2/lazy/LazyUtils.java,2.1.0,0,0,0,0,5,0,5,0,25,0,0,0,2
serde/src/java/org/apache/hadoop/hive/serde2/lazy/fast/LazySimpleDeserializeRead.java,2.1.0,0,0,1,0,5,1,6,0,59,85,85,0,2
common/src/java/org/apache/hadoop/hive/conf/HiveConf.java,2.1.0,62,14,18,0,227,11,40,0,0,115,1,0,19
itests/hive-unit/src/test/java/org/apache/hive/jdbc/TestJdbcWithMiniHS2.java,2.1.0,244,7,3,0,12,2,4,2,7,54,35,2,6
jdbc/src/java/org/apache/hive/jdbc/HiveStatement.java,2.1.0,30,6,2,0,15,1,5,13,12,73,73,0,4
service-rpc/src/gen/thrift/gen-cpp/TCLIService_types.cpp,2.1.0,0,0,1,0,12,1,4,0,8,73,73,0,2
service-rpc/src/gen/thrift/gen-javabean/org/apache/hive/service/rpc/thrift/TGetOperationStatusResp.java,2.1.0,103,4,1,0,13,1,3,0,33,73,73,1,4
service/src/java/org/apache/hive/service/cli/OperationStatus.java,2.1.0,0,0,1,0,2,1,2,0,78,73,73,0,0
service/src/java/org/apache/hive/service/cli/operation/Operation.java,2.1.0,0,0,1,0,20,1,7,0,6,73,73,0,3
service/src/java/org/apache/hive/service/cli/thrift/ThriftCLIService.java,2.1.0,17,5,2,0,21,2,13,20,15,55,37,1,7
service/src/java/org/apache/hive/service/cli/thrift/ThriftCLIServiceClient.java,2.1.0,0,0,1,0,7,1,4,0,17,73,73,0,0
ql/src/java/org/apache/hadoop/hive/ql/exec/vector/VectorDeserializeRow.java,2.1.0,0,0,0,0,6,0,3,0,35,0,0,0,1
ql/src/java/org/apache/hadoop/hive/ql/exec/vector/VectorMapOperator.java,2.1.0,0,0,0,0,3,0,3,0,79,0,0,0,1
ql/src/java/org/apache/hadoop/hive/ql/exec/vector/mapjoin/fast/VectorMapJoinFastLongHashTable.java,2.1.0,0,0,1,0,8,1,5,0,15,44,44,0,1
ql/src/java/org/apache/hadoop/hive/ql/exec/vector/mapjoin/fast/VectorMapJoinFastStringCommon.java,2.1.0,0,0,0,0,2,0,2,0,154,0,0,0,0
ql/src/java/org/apache/hadoop/hive/ql/exec/vector/mapjoin/optimized/VectorMapJoinOptimizedLongCommon.java,2.1.0,0,0,1,0,3,1,3,0,191,44,44,1,2
ql/src/java/org/apache/hadoop/hive/ql/exec/vector/mapjoin/optimized/VectorMapJoinOptimizedStringCommon.java,2.1.0,0,0,0,0,0,0,0,0,0,0,0,0,0
ql/src/java/org/apache/hadoop/hive/ql/optimizer/physical/Vectorizer.java,2.1.0,144,83,1,0,34,1,13,0,8,44,44,1,13
ql/src/test/org/apache/hadoop/hive/ql/exec/vector/TestVectorSerDeRow.java,2.1.0,0,0,0,0,5,0,4,0,61,0,0,0,1
ql/src/test/org/apache/hadoop/hive/ql/exec/vector/mapjoin/fast/CheckFastRowHashMap.java,2.1.0,0,0,0,0,0,0,0,0,0,0,0,0,0
ql/src/test/org/apache/hadoop/hive/ql/exec/vector/mapjoin/fast/VerifyFastRow.java,2.1.0,0,0,0,0,0,0,0,0,0,0,0,0,0
serde/src/java/org/apache/hadoop/hive/serde2/binarysortable/fast/BinarySortableDeserializeRead.java,2.1.0,0,0,0,0,3,0,3,0,183,0,0,0,1
serde/src/java/org/apache/hadoop/hive/serde2/fast/DeserializeRead.java,2.1.0,0,0,0,0,2,0,2,0,191,0,0,0,1
serde/src/java/org/apache/hadoop/hive/serde2/lazy/fast/LazySimpleDeserializeRead.java,2.1.0,0,0,1,0,5,1,6,0,59,85,85,0,2
serde/src/java/org/apache/hadoop/hive/serde2/lazybinary/fast/LazyBinaryDeserializeRead.java,2.1.0,0,0,0,0,5,0,3,0,51,0,0,0,1
serde/src/test/org/apache/hadoop/hive/serde2/VerifyFast.java,2.1.0,0,0,0,0,4,0,3,0,175,0,0,0,0
serde/src/test/org/apache/hadoop/hive/serde2/binarysortable/TestBinarySortableFast.java,2.1.0,0,0,0,0,3,0,3,0,96,0,0,0,1
serde/src/test/org/apache/hadoop/hive/serde2/lazy/TestLazySimpleFast.java,2.1.0,0,0,0,0,3,0,3,0,192,0,0,0,1
serde/src/test/org/apache/hadoop/hive/serde2/lazybinary/TestLazyBinaryFast.java,2.1.0,0,0,0,0,2,0,3,0,197,0,0,0,1
serde/src/java/org/apache/hadoop/hive/serde2/lazy/fast/LazySimpleDeserializeRead.java,2.1.0,0,0,1,0,5,1,6,0,59,85,85,0,2
llap-server/src/java/org/apache/hadoop/hive/llap/io/api/impl/LlapInputFormat.java,2.1.0,0,0,0,0,24,0,5,0,10,0,0,0,9
orc/src/java/org/apache/orc/impl/TreeReaderFactory.java,2.1.0,0,0,1,0,18,1,2,0,27,44,44,0,1
ql/src/java/org/apache/hadoop/hive/ql/exec/vector/VectorAssignRow.java,2.1.0,0,0,0,0,5,0,4,0,48,0,0,0,1
ql/src/java/org/apache/hadoop/hive/ql/exec/vector/VectorDeserializeRow.java,2.1.0,0,0,0,0,6,0,3,0,35,0,0,0,1
ql/src/java/org/apache/hadoop/hive/ql/exec/vector/VectorExtractRow.java,2.1.0,0,0,0,0,6,0,3,0,41,0,0,0,1
ql/src/java/org/apache/hadoop/hive/ql/exec/vector/VectorMapOperator.java,2.1.0,0,0,0,0,3,0,3,0,79,0,0,0,1
ql/src/java/org/apache/hadoop/hive/ql/exec/vector/VectorizedRowBatchCtx.java,2.1.0,0,0,0,0,13,0,7,0,21,0,0,0,1
ql/src/java/org/apache/hadoop/hive/ql/io/NullRowsInputFormat.java,2.1.0,0,0,0,0,3,0,3,0,93,0,0,0,1
ql/src/java/org/apache/hadoop/hive/ql/io/orc/VectorizedOrcInputFormat.java,2.1.0,0,0,1,0,10,1,4,0,27,193,193,0,3
ql/src/java/org/apache/hadoop/hive/ql/optimizer/physical/Vectorizer.java,2.1.0,144,83,1,0,34,1,13,0,8,44,44,1,13
itests/hive-unit/src/test/java/org/apache/hadoop/hive/ql/security/authorization/plugin/TestHiveAuthorizerCheckInvocation.java,2.1.0,0,0,1,0,6,1,4,0,36,58,58,0,0
itests/hive-unit/src/test/java/org/apache/hadoop/hive/ql/security/authorization/plugin/TestHiveAuthorizerShowFilters.java,2.1.0,2,2,1,0,6,1,4,0,54,58,58,0,1
itests/hive-unit/src/test/java/org/apache/hive/jdbc/authorization/TestHS2AuthzContext.java,2.1.0,6,6,1,0,3,1,4,0,54,58,58,0,0
itests/hive-unit/src/test/java/org/apache/hive/jdbc/authorization/TestJdbcMetadataApiAuth.java,2.1.0,2,2,1,0,4,1,4,0,54,58,58,0,1
itests/util/src/main/java/org/apache/hadoop/hive/ql/security/DummyAuthenticator.java,2.1.0,0,0,1,0,2,1,2,0,54,58,58,0,0
itests/util/src/main/java/org/apache/hadoop/hive/ql/security/InjectableDummyAuthenticator.java,2.1.0,0,0,1,0,2,1,3,0,247,58,58,0,0
itests/util/src/main/java/org/apache/hadoop/hive/ql/security/authorization/plugin/sqlstd/SQLStdHiveAuthorizationValidatorForTest.java,2.1.0,3,3,1,0,4,1,3,0,98,58,58,0,3
ql/src/java/org/apache/hadoop/hive/ql/Driver.java,2.1.0,3,2,1,0,66,1,26,0,2,58,58,0,26
ql/src/java/org/apache/hadoop/hive/ql/parse/TableMask.java,2.1.0,8,5,2,0,5,2,2,2,12,82,58,0,2
ql/src/java/org/apache/hadoop/hive/ql/processors/CommandUtil.java,2.1.0,3,2,1,0,4,1,5,0,104,58,58,0,0
ql/src/java/org/apache/hadoop/hive/ql/security/HadoopDefaultAuthenticator.java,2.1.0,0,0,1,0,2,1,3,0,255,58,58,0,0
ql/src/java/org/apache/hadoop/hive/ql/security/HiveAuthenticationProvider.java,2.1.0,0,0,1,0,2,1,2,0,54,58,58,0,0
ql/src/java/org/apache/hadoop/hive/ql/security/SessionStateConfigUserAuthenticator.java,2.1.0,0,0,1,0,2,1,2,0,54,58,58,0,0
ql/src/java/org/apache/hadoop/hive/ql/security/SessionStateUserAuthenticator.java,2.1.0,0,0,1,0,2,1,2,0,54,58,58,0,0
ql/src/java/org/apache/hadoop/hive/ql/security/authorization/plugin/AuthorizationMetaStoreFilterHook.java,2.1.0,0,0,1,0,5,1,4,0,99,58,58,0,0
ql/src/java/org/apache/hadoop/hive/ql/security/authorization/plugin/HiveAuthorizationValidator.java,2.1.0,3,3,1,0,3,1,3,0,84,58,58,0,0
ql/src/java/org/apache/hadoop/hive/ql/security/authorization/plugin/HiveAuthorizer.java,2.1.0,3,3,1,0,6,1,4,0,54,58,58,0,0
ql/src/java/org/apache/hadoop/hive/ql/security/authorization/plugin/HiveAuthorizerImpl.java,2.1.0,3,3,1,0,6,1,4,0,54,58,58,0,1
ql/src/java/org/apache/hadoop/hive/ql/security/authorization/plugin/HiveAuthzContext.java,2.1.0,0,0,1,0,3,1,3,0,297,58,58,1,1
ql/src/java/org/apache/hadoop/hive/ql/security/authorization/plugin/HiveV1Authorizer.java,2.1.0,3,3,1,0,7,1,5,0,36,58,58,0,2
ql/src/java/org/apache/hadoop/hive/ql/security/authorization/plugin/sqlstd/DummyHiveAuthorizationValidator.java,2.1.0,4,4,1,0,4,1,4,0,115,58,58,0,0
ql/src/java/org/apache/hadoop/hive/ql/security/authorization/plugin/sqlstd/SQLStdHiveAuthorizationValidator.java,2.1.0,4,4,1,0,8,1,5,0,38,58,58,0,0
service/src/java/org/apache/hive/service/cli/operation/MetadataOperation.java,2.1.0,3,2,1,0,6,1,5,0,28,58,58,0,0
ql/src/java/org/apache/hadoop/hive/ql/optimizer/stats/annotation/StatsRulesProcFactory.java,2.1.0,47,12,2,0,15,1,7,16,20,117,117,1,8
ql/src/java/org/apache/hadoop/hive/ql/optimizer/calcite/rules/HiveSortLimitPullUpConstantsRule.java,2.1.0,0,0,1,0,4,1,1,0,6,117,117,1,3
ql/src/java/org/apache/hadoop/hive/ql/optimizer/calcite/rules/HiveUnionPullUpConstantsRule.java,2.1.0,25,10,2,0,6,1,1,0,5,117,117,2,5
ql/src/java/org/apache/hadoop/hive/ql/udf/generic/GenericUDFMask.java,2.1.0,8,4,1,0,2,1,1,0,28,2,2,0,1
ql/src/java/org/apache/hadoop/hive/ql/io/orc/OrcInputFormat.java,2.1.0,93,114,4,0,57,2,8,3,4,150,106,1,19
ql/src/test/org/apache/hadoop/hive/ql/io/orc/TestInputOutputFormat.java,2.1.0,0,0,4,0,36,1,10,3,5,193,193,2,6
orc/src/java/org/apache/orc/impl/ReaderImpl.java,2.1.0,126,113,2,0,37,1,2,20,15,193,193,1,2
ql/src/java/org/apache/hadoop/hive/ql/io/orc/OrcInputFormat.java,2.1.0,93,114,4,0,57,2,8,3,4,150,106,1,19
ql/src/java/org/apache/hadoop/hive/ql/io/orc/ReaderImpl.java,2.1.0,5,287,2,0,37,1,8,20,7,193,193,0,5
ql/src/test/org/apache/hadoop/hive/ql/io/orc/TestInputOutputFormat.java,2.1.0,0,0,4,0,36,1,10,3,5,193,193,2,6
metastore/src/java/org/apache/hadoop/hive/metastore/LockRequestBuilder.java,2.1.0,5,5,1,0,2,1,2,0,12,24,24,1,1
metastore/src/java/org/apache/hadoop/hive/metastore/hbase/stats/IExtrapolatePartStatus.java,2.1.0,0,0,1,0,2,1,2,0,58,117,117,1,2
metastore/src/model/org/apache/hadoop/hive/metastore/model/MConstraint.java,2.1.0,0,0,1,0,3,1,2,0,17,117,117,1,2
orc/src/java/org/apache/orc/impl/DataReaderProperties.java,2.1.0,0,0,1,0,3,1,3,0,18,117,117,1,1
orc/src/test/org/apache/orc/impl/TestDataReaderProperties.java,2.1.0,0,0,1,0,3,1,3,0,18,117,117,1,1
ql/src/java/org/apache/hadoop/hive/ql/exec/spark/status/impl/SparkJobUtils.java,2.1.0,0,0,1,0,2,1,2,0,97,117,117,1,1
ql/src/java/org/apache/hadoop/hive/ql/txn/AcidWriteSetService.java,2.1.0,0,0,1,0,2,1,2,0,19,117,117,1,1
ql/src/test/org/apache/hadoop/hive/ql/plan/TestTezWorkConcurrency.java,2.1.0,0,0,1,0,2,1,2,0,23,117,117,1,1
serde/src/java/org/apache/hadoop/hive/serde2/thrift/ThriftFormatter.java,2.1.0,0,0,1,0,2,1,2,0,32,117,117,1,1
storage-api/src/test/org/apache/hadoop/hive/ql/util/JavaDataModelTest.java,2.1.0,0,0,1,0,2,1,2,0,4,117,117,1,1
accumulo-handler/src/java/org/apache/hadoop/hive/accumulo/predicate/AccumuloPredicateHandler.java,2.1.0,2,2,1,0,3,1,4,0,174,117,117,0,0
accumulo-handler/src/java/org/apache/hadoop/hive/accumulo/predicate/PushdownTuple.java,2.1.0,0,0,1,0,2,1,2,0,215,117,117,0,0
hbase-handler/src/java/org/apache/hadoop/hive/hbase/AbstractHBaseKeyFactory.java,2.1.0,3,3,1,0,1,1,1,0,0,117,117,0,0
hbase-handler/src/java/org/apache/hadoop/hive/hbase/HBaseStorageHandler.java,2.1.0,108,9,1,0,4,1,3,0,133,117,117,1,2
ql/src/java/org/apache/hadoop/hive/ql/index/IndexPredicateAnalyzer.java,2.1.0,33,3,1,0,2,1,4,0,95,117,117,0,0
ql/src/java/org/apache/hadoop/hive/ql/index/IndexSearchCondition.java,2.1.0,23,10,1,0,1,1,1,0,0,117,117,0,0
ql/src/java/org/apache/hadoop/hive/ql/metadata/HiveStoragePredicateHandler.java,2.1.0,2,2,1,0,1,1,1,0,0,117,117,0,0
ql/src/java/org/apache/hadoop/hive/ql/exec/tez/ColumnarSplitSizeEstimator.java,2.1.0,4,2,1,0,3,1,2,0,192,193,193,0,1
ql/src/test/org/apache/hadoop/hive/ql/io/orc/TestInputOutputFormat.java,2.1.0,0,0,4,0,36,1,10,3,5,193,193,2,6
ql/src/java/org/apache/hadoop/hive/ql/exec/vector/mapjoin/fast/VectorMapJoinFastLongHashTable.java,2.1.0,0,0,1,0,8,1,5,0,15,44,44,0,1
ql/src/java/org/apache/hadoop/hive/ql/exec/vector/mapjoin/optimized/VectorMapJoinOptimizedLongCommon.java,2.1.0,0,0,1,0,3,1,3,0,191,44,44,1,2
ql/src/java/org/apache/hadoop/hive/ql/plan/VectorMapJoinDesc.java,2.1.0,0,0,1,0,1,1,1,0,0,44,44,0,0
ql/src/java/org/apache/hadoop/hive/ql/optimizer/calcite/HiveCalciteUtil.java,2.1.0,0,0,0,0,16,0,5,0,15,0,0,0,5
ql/src/java/org/apache/hadoop/hive/ql/lockmgr/DbLockManager.java,2.1.0,0,0,0,0,10,0,4,0,36,0,0,0,2
ql/src/java/org/apache/hadoop/hive/ql/lockmgr/DbTxnManager.java,2.1.0,22,23,1,0,17,1,3,0,17,24,24,1,9
common/src/java/org/apache/hadoop/hive/conf/HiveConf.java,2.1.0,62,14,18,0,227,11,40,0,0,115,1,0,19
ql/src/java/org/apache/hadoop/hive/llap/LlapOutputFormatService.java,2.1.0,114,54,3,0,8,3,4,7,6,225,90,1,4
shims/0.23/src/main/java/org/apache/hadoop/hive/shims/Hadoop23Shims.java,2.1.0,44,17,4,0,38,2,17,1,6,250,106,1,13
ql/src/java/org/apache/hadoop/hive/ql/exec/persistence/HybridHashTableContainer.java,2.1.0,17,8,1,0,21,1,10,0,25,24,24,1,12
itests/hive-unit/src/test/java/org/apache/hadoop/hive/metastore/hbase/TestHBaseSchemaTool.java,2.1.0,0,0,0,0,6,0,4,0,20,0,0,0,1
llap-tez/src/test/org/apache/hadoop/hive/llap/tezplugins/TestLlapTaskCommunicator.java,2.1.0,0,0,1,0,5,1,1,0,29,105,105,0,2
llap-common/src/test/org/apache/hadoop/hive/llap/tez/TestConverters.java,2.1.0,4,4,2,0,4,2,2,9,27,249,105,0,1
llap-server/src/java/org/apache/hadoop/hive/llap/cli/LlapServiceDriver.java,2.1.0,11,4,1,0,36,1,7,0,4,85,85,1,18
llap-server/src/java/org/apache/hadoop/hive/llap/daemon/impl/LlapDaemon.java,2.1.0,18,3,3,0,67,1,9,6,3,393,393,0,12
ql/src/java/org/apache/hadoop/hive/ql/io/ProxyLocalFileSystem.java,2.1.0,0,0,0,0,1,0,1,0,0,0,0,0,1
llap-tez/src/java/org/apache/hadoop/hive/llap/tezplugins/LlapTaskSchedulerService.java,2.1.0,0,0,0,0,38,0,4,0,1,0,0,0,5
llap-tez/src/java/org/apache/hadoop/hive/llap/tezplugins/metrics/LlapTaskSchedulerMetrics.java,2.1.0,0,0,0,0,2,0,1,0,7,0,0,0,1
ql/src/java/org/apache/hadoop/hive/ql/security/authorization/plugin/HiveOperationType.java,2.1.0,0,0,0,0,8,0,7,0,53,0,0,0,1
ql/src/java/org/apache/hadoop/hive/ql/security/authorization/plugin/sqlstd/Operation2Privilege.java,2.1.0,0,0,0,0,9,0,8,0,47,0,0,0,1
ql/src/test/org/apache/hadoop/hive/ql/io/orc/TestRecordReaderImpl.java,2.1.0,0,0,0,0,15,0,6,0,14,0,0,0,1
beeline/src/java/org/apache/hive/beeline/DatabaseConnection.java,2.1.0,0,0,0,0,4,0,3,0,97,0,0,0,0
ql/src/java/org/apache/hadoop/hive/ql/exec/Operator.java,2.1.0,55,13,2,0,21,1,11,18,14,105,105,1,3
ql/src/java/org/apache/hadoop/hive/ql/exec/Utilities.java,2.1.0,7,5,1,0,48,1,25,0,5,73,73,1,12
ql/src/java/org/apache/hadoop/hive/ql/exec/tez/TezProcessor.java,2.1.0,23,2,2,0,11,1,9,18,19,105,105,1,3
hcatalog/streaming/src/java/org/apache/hive/hcatalog/streaming/HiveEndPoint.java,2.1.0,58,21,1,0,10,1,5,0,25,81,81,1,5
hcatalog/streaming/src/java/org/apache/hive/hcatalog/streaming/mutate/client/lock/Lock.java,2.1.0,0,0,0,0,4,0,3,0,142,0,0,0,3
hcatalog/streaming/src/test/org/apache/hive/hcatalog/streaming/mutate/client/lock/TestLock.java,2.1.0,0,0,0,0,4,0,3,0,142,0,0,0,1
itests/hive-unit/src/test/java/org/apache/hadoop/hive/metastore/TestHiveMetaStoreTxns.java,2.1.0,0,0,0,0,3,0,3,0,152,0,0,0,0
metastore/src/gen/thrift/gen-cpp/ThriftHiveMetastore.cpp,2.1.0,1010,1010,1,0,25,1,13,0,9,24,24,0,14
metastore/src/gen/thrift/gen-cpp/hive_metastore_types.cpp,2.1.0,513,467,1,0,26,1,12,0,7,24,24,0,1
metastore/src/gen/thrift/gen-javabean/org/apache/hadoop/hive/metastore/api/AddDynamicPartitions.java,2.1.0,16,16,1,0,13,1,8,0,10,24,24,0,1
metastore/src/gen/thrift/gen-javabean/org/apache/hadoop/hive/metastore/api/DataOperationType.java,2.1.0,0,0,0,0,5,0,1,0,0,0,0,0,0
metastore/src/gen/thrift/gen-javabean/org/apache/hadoop/hive/metastore/api/LockComponent.java,2.1.0,0,0,0,0,9,0,6,0,17,0,0,0,1
metastore/src/java/org/apache/hadoop/hive/metastore/HiveMetaStoreClient.java,2.1.0,20,4,2,0,39,2,20,1,5,48,24,1,11
metastore/src/java/org/apache/hadoop/hive/metastore/IMetaStoreClient.java,2.1.0,0,0,1,0,27,1,15,0,10,24,24,0,1
metastore/src/java/org/apache/hadoop/hive/metastore/LockComponentBuilder.java,2.1.0,0,0,0,0,1,0,1,0,0,0,0,0,0
metastore/src/java/org/apache/hadoop/hive/metastore/LockRequestBuilder.java,2.1.0,5,5,1,0,2,1,2,0,12,24,24,1,1
metastore/src/java/org/apache/hadoop/hive/metastore/txn/TxnHandler.java,2.1.0,233,156,5,0,41,2,5,3,6,52,24,1,29
metastore/src/test/org/apache/hadoop/hive/metastore/txn/TestCompactionTxnHandler.java,2.1.0,0,0,0,0,7,0,4,0,39,0,0,0,0
metastore/src/test/org/apache/hadoop/hive/metastore/txn/TestTxnHandler.java,2.1.0,0,0,0,0,12,0,4,0,13,0,0,0,2
ql/src/java/org/apache/hadoop/hive/ql/exec/MoveTask.java,2.1.0,12,4,1,0,20,1,11,0,7,37,37,1,5
ql/src/java/org/apache/hadoop/hive/ql/io/AcidUtils.java,2.1.0,23,13,2,0,16,2,6,2,23,94,81,0,5
ql/src/java/org/apache/hadoop/hive/ql/lockmgr/DbTxnManager.java,2.1.0,22,23,1,0,17,1,3,0,17,24,24,1,9
ql/src/java/org/apache/hadoop/hive/ql/metadata/Hive.java,2.1.0,141,89,5,0,68,4,24,2,3,69,24,2,18
ql/src/test/org/apache/hadoop/hive/ql/lockmgr/TestDbTxnManager2.java,2.1.0,0,0,1,0,14,1,3,0,5,81,81,0,7
ql/src/test/org/apache/hadoop/hive/ql/txn/compactor/TestCleaner.java,2.1.0,0,0,0,0,7,0,3,0,76,0,0,0,1
ql/src/test/org/apache/hadoop/hive/ql/txn/compactor/TestInitiator.java,2.1.0,0,0,0,0,6,0,3,0,67,0,0,0,0
llap-server/src/java/org/apache/hadoop/hive/llap/daemon/impl/TaskExecutorService.java,2.1.0,60,26,2,0,31,2,4,6,5,249,105,1,16
llap-server/src/test/org/apache/hadoop/hive/llap/daemon/impl/TestTaskExecutorService.java,2.1.0,110,6,1,0,19,1,4,0,9,105,105,1,8
ql/src/java/org/apache/hadoop/hive/ql/metadata/Hive.java,2.1.0,141,89,5,0,68,4,24,2,3,69,24,2,18
shims/common/src/main/java/org/apache/hadoop/hive/shims/ShimLoader.java,2.1.0,0,0,0,0,2,0,4,0,135,0,0,0,0
common/src/java/org/apache/hadoop/hive/conf/HiveConf.java,2.1.0,62,14,18,0,227,11,40,0,0,115,1,0,19
orc/src/java/org/apache/orc/OrcConf.java,2.1.0,0,0,1,0,5,1,2,0,180,24,24,0,1
ql/src/java/org/apache/hadoop/hive/ql/io/orc/OrcRecordUpdater.java,2.1.0,31,11,1,0,10,1,5,0,19,24,24,1,2
ql/src/test/org/apache/hadoop/hive/ql/io/orc/TestOrcRecordUpdater.java,2.1.0,0,0,1,0,4,1,4,0,140,24,24,0,1
ql/src/java/org/apache/hadoop/hive/ql/Driver.java,2.1.0,3,2,1,0,66,1,26,0,2,58,58,0,26
ql/src/java/org/apache/hadoop/hive/ql/exec/ExplainTask.java,2.1.0,0,0,0,0,10,0,8,0,36,0,0,0,1
ql/src/java/org/apache/hadoop/hive/ql/hooks/ATSHook.java,2.1.0,0,0,0,0,8,0,7,0,44,0,0,0,1
ql/src/java/org/apache/hadoop/hive/ql/parse/CalcitePlanner.java,2.1.0,0,0,1,0,62,1,13,0,3,117,117,0,21
ql/src/java/org/apache/hadoop/hive/ql/parse/ExplainSemanticAnalyzer.java,2.1.0,0,0,0,0,7,0,5,0,21,0,0,0,0
ql/src/java/org/apache/hadoop/hive/ql/plan/ExplainWork.java,2.1.0,0,0,0,0,3,0,2,0,139,0,0,0,0
ql/src/test/org/apache/hadoop/hive/ql/parse/TestUpdateDeleteSemanticAnalyzer.java,2.1.0,0,0,0,0,7,0,5,0,41,0,0,0,0
metastore/src/java/org/apache/hadoop/hive/metastore/HiveMetaStore.java,2.1.0,40,20,1,0,71,1,28,0,4,4,4,0,17
metastore/src/test/org/apache/hadoop/hive/metastore/TestHiveMetaStoreGetMetaConf.java,2.1.0,0,0,0,0,2,0,2,0,11,0,0,0,1
ql/src/java/org/apache/hadoop/hive/ql/exec/tez/TezJobMonitor.java,2.1.0,0,0,0,0,21,0,11,0,8,0,0,0,7
ql/src/java/org/apache/hadoop/hive/ql/exec/tez/TezJobMonitor.java,2.1.0,0,0,0,0,21,0,11,0,8,0,0,0,7
cli/src/java/org/apache/hadoop/hive/cli/CliDriver.java,2.1.0,0,0,0,0,13,0,7,0,16,0,0,0,1
common/src/java/org/apache/hadoop/hive/conf/HiveConf.java,2.1.0,62,14,18,0,227,11,40,0,0,115,1,0,19
ql/src/java/org/apache/hadoop/hive/ql/Context.java,2.1.0,0,0,0,0,7,0,7,0,79,0,0,0,1
ql/src/java/org/apache/hadoop/hive/ql/exec/mr/ExecDriver.java,2.1.0,0,0,0,0,20,0,15,0,14,0,0,0,1
ql/src/java/org/apache/hadoop/hive/ql/exec/mr/HadoopJobExecHelper.java,2.1.0,0,0,0,0,7,0,7,0,33,0,0,0,0
ql/src/java/org/apache/hadoop/hive/ql/exec/tez/TezJobMonitor.java,2.1.0,0,0,0,0,21,0,11,0,8,0,0,0,7
ql/src/java/org/apache/hadoop/hive/ql/exec/tez/TezTask.java,2.1.0,0,0,0,0,17,0,11,0,12,0,0,0,5
ql/src/java/org/apache/hadoop/hive/ql/io/merge/MergeFileTask.java,2.1.0,0,0,0,0,7,0,7,0,40,0,0,0,1
ql/src/java/org/apache/hadoop/hive/ql/io/rcfile/stats/PartialScanTask.java,2.1.0,0,0,0,0,9,0,8,0,40,0,0,0,1
ql/src/java/org/apache/hadoop/hive/ql/io/rcfile/truncate/ColumnTruncateTask.java,2.1.0,0,0,0,0,7,0,7,0,40,0,0,0,0
ql/src/java/org/apache/hadoop/hive/ql/lockmgr/DbTxnManager.java,2.1.0,22,23,1,0,17,1,3,0,17,24,24,1,9
ql/src/test/org/apache/hadoop/hive/ql/TestTxnCommands2.java,2.1.0,0,0,1,0,24,1,7,0,6,24,24,1,15
ql/src/java/org/apache/hadoop/hive/ql/parse/BaseSemanticAnalyzer.java,2.1.0,0,0,1,0,16,1,9,0,15,393,393,1,5
ql/src/test/org/apache/hadoop/hive/ql/parse/TestSemanticAnalyzer.java,2.1.0,0,0,0,0,1,0,2,0,213,0,0,0,1
llap-server/src/java/org/apache/hadoop/hive/llap/cli/LlapServiceDriver.java,2.1.0,11,4,1,0,36,1,7,0,4,85,85,1,18
llap-server/src/java/org/apache/hadoop/hive/llap/daemon/impl/LlapDaemon.java,2.1.0,18,3,3,0,67,1,9,6,3,393,393,0,12
llap-server/src/java/org/apache/hadoop/hive/llap/metrics/LlapDaemonCacheMetrics.java,2.1.0,0,0,0,0,8,0,3,0,13,0,0,0,2
llap-server/src/java/org/apache/hadoop/hive/llap/metrics/LlapDaemonExecutorMetrics.java,2.1.0,0,0,0,0,7,0,3,0,11,0,0,0,1
llap-server/src/java/org/apache/hadoop/hive/llap/metrics/LlapDaemonQueueMetrics.java,2.1.0,0,0,0,0,3,0,2,0,205,0,0,0,1
llap-server/src/java/org/apache/hadoop/hive/llap/metrics/MetricsUtils.java,2.1.0,0,0,0,0,5,0,2,0,19,0,0,0,1
service/src/gen/thrift/gen-cpp/ThriftHive.cpp,2.1.0,0,0,0,0,9,0,7,0,20,0,0,0,4
service/src/gen/thrift/gen-cpp/ThriftHive_server.skeleton.cpp,2.1.0,0,0,0,0,5,0,3,0,13,0,0,0,2
service/src/gen/thrift/gen-cpp/hive_service_constants.cpp,2.1.0,0,0,0,0,6,0,7,0,20,0,0,0,2
service/src/gen/thrift/gen-cpp/hive_service_types.cpp,2.1.0,0,0,0,0,9,0,7,0,20,0,0,0,3
service/src/gen/thrift/gen-javabean/org/apache/hadoop/hive/service/HiveClusterStatus.java,2.1.0,0,0,0,0,13,0,8,0,17,0,0,0,2
service/src/gen/thrift/gen-javabean/org/apache/hadoop/hive/service/HiveServerException.java,2.1.0,0,0,0,0,10,0,8,0,17,0,0,0,2
service/src/gen/thrift/gen-javabean/org/apache/hadoop/hive/service/JobTrackerState.java,2.1.0,0,0,0,0,6,0,7,0,20,0,0,0,0
service/src/gen/thrift/gen-javabean/org/apache/hadoop/hive/service/ThriftHive.java,2.1.0,0,0,0,0,13,0,9,0,17,0,0,0,2
common/src/java/org/apache/hadoop/hive/conf/HiveConf.java,2.1.0,62,14,18,0,227,11,40,0,0,115,1,0,19
ql/src/java/org/apache/hadoop/hive/ql/optimizer/physical/LlapDecider.java,2.1.0,0,0,0,0,17,0,6,0,14,0,0,0,7
ql/src/java/org/apache/hadoop/hive/ql/optimizer/physical/LlapDecider.java,2.1.0,0,0,0,0,17,0,6,0,14,0,0,0,7
ql/src/java/org/apache/hadoop/hive/ql/session/SessionState.java,2.1.0,6,11,2,0,41,2,18,0,7,54,34,0,11
ql/src/java/org/apache/hadoop/hive/ql/io/orc/RecordReaderImpl.java,2.1.0,0,0,0,0,66,0,9,0,3,0,0,0,22
ql/src/java/org/apache/hadoop/hive/ql/io/orc/OrcInputFormat.java,2.1.0,93,114,4,0,57,2,8,3,4,150,106,1,19
ql/src/test/org/apache/hadoop/hive/ql/io/orc/TestInputOutputFormat.java,2.1.0,0,0,4,0,36,1,10,3,5,193,193,2,6
ql/src/java/org/apache/hadoop/hive/ql/optimizer/stats/annotation/StatsRulesProcFactory.java,2.1.0,47,12,2,0,15,1,7,16,20,117,117,1,8
common/src/java/org/apache/hadoop/hive/conf/HiveConf.java,2.1.0,62,14,18,0,227,11,40,0,0,115,1,0,19
ql/src/java/org/apache/hadoop/hive/ql/optimizer/calcite/HiveRexUtil.java,2.1.0,82,12,3,0,8,1,1,6,3,117,117,2,6
ql/src/java/org/apache/hadoop/hive/ql/optimizer/calcite/rules/HiveReduceExpressionsWithStatsRule.java,2.1.0,0,0,1,0,1,1,1,0,0,117,117,1,1
ql/src/java/org/apache/hadoop/hive/ql/parse/CalcitePlanner.java,2.1.0,0,0,1,0,62,1,13,0,3,117,117,0,21
ql/src/java/org/apache/hadoop/hive/ql/exec/vector/expressions/AbstractFilterStringColLikeStringScalar.java,2.1.0,0,0,1,0,2,1,1,0,77,85,85,0,1
ql/src/java/org/apache/hadoop/hive/ql/exec/vector/expressions/SelectStringColLikeStringScalar.java,2.1.0,0,0,1,0,1,1,1,0,0,85,85,1,1
ql/src/java/org/apache/hadoop/hive/ql/udf/UDFLike.java,2.1.0,3,2,2,0,2,1,1,5,5,85,85,0,0
llap-server/src/java/org/apache/hadoop/hive/llap/IncrementalObjectSizeEstimator.java,2.1.0,0,0,0,0,6,0,2,0,10,0,0,0,2
llap-server/src/java/org/apache/hadoop/hive/llap/cache/LlapDataBuffer.java,2.1.0,0,0,0,0,14,0,2,0,36,0,0,0,1
llap-server/src/java/org/apache/hadoop/hive/llap/cache/LowLevelCacheImpl.java,2.1.0,0,0,0,0,40,0,4,0,4,0,0,0,13
llap-server/src/java/org/apache/hadoop/hive/llap/cache/LowLevelCacheMemoryManager.java,2.1.0,0,0,0,0,19,0,4,0,13,0,0,0,3
llap-server/src/java/org/apache/hadoop/hive/llap/cache/LowLevelFifoCachePolicy.java,2.1.0,0,0,0,0,13,0,3,0,19,0,0,0,2
llap-server/src/java/org/apache/hadoop/hive/llap/cache/LowLevelLrfuCachePolicy.java,2.1.0,0,0,0,0,23,0,3,0,11,0,0,0,6
llap-server/src/java/org/apache/hadoop/hive/llap/cache/SimpleBufferManager.java,2.1.0,0,0,0,0,2,0,2,0,78,0,0,0,1
llap-server/src/java/org/apache/hadoop/hive/llap/io/api/impl/LlapInputFormat.java,2.1.0,0,0,0,0,24,0,5,0,10,0,0,0,9
llap-server/src/java/org/apache/hadoop/hive/llap/io/api/impl/LlapIoImpl.java,2.1.0,3,3,1,0,34,1,5,0,7,393,393,0,8
llap-server/src/java/org/apache/hadoop/hive/llap/io/decode/OrcColumnVectorProducer.java,2.1.0,0,0,0,0,29,0,4,0,3,0,0,0,8
llap-server/src/java/org/apache/hadoop/hive/llap/io/encoded/OrcEncodedDataReader.java,2.1.0,0,0,1,0,50,1,7,0,5,4,4,1,14
llap-server/src/java/org/apache/hadoop/hive/llap/old/BufferInProgress.java,2.1.0,0,0,0,0,3,0,2,0,443,0,0,0,1
llap-server/src/java/org/apache/hadoop/hive/llap/old/BufferPool.java,2.1.0,0,0,0,0,4,0,2,0,221,0,0,0,2
llap-server/src/java/org/apache/hadoop/hive/llap/old/CachePolicy.java,2.1.0,0,0,0,0,3,0,2,0,443,0,0,0,1
llap-server/src/java/org/apache/hadoop/hive/llap/old/ChunkPool.java,2.1.0,0,0,0,0,4,0,2,0,221,0,0,0,1
ql/src/java/org/apache/hadoop/hive/llap/DebugUtils.java,2.1.0,0,0,0,0,13,0,2,0,20,0,0,0,5
ql/src/java/org/apache/hadoop/hive/llap/LogLevels.java,2.1.0,0,0,0,0,5,0,3,0,143,0,0,0,2
ql/src/java/org/apache/hadoop/hive/ql/exec/vector/VectorGroupByOperator.java,2.1.0,30,26,1,0,12,1,6,0,21,44,44,0,1
ql/src/java/org/apache/hadoop/hive/ql/io/orc/encoded/EncodedReader.java,2.1.0,0,0,0,0,10,0,3,0,104,0,0,0,1
ql/src/java/org/apache/hadoop/hive/ql/io/orc/encoded/EncodedReaderImpl.java,2.1.0,0,0,0,0,42,0,4,0,9,0,0,0,6
llap-common/src/java/org/apache/hadoop/hive/llap/LlapUtil.java,2.1.0,0,0,0,0,3,0,1,0,48,0,0,0,1
llap-common/src/java/org/apache/hadoop/hive/llap/counters/LlapIOCounters.java,2.1.0,0,0,0,0,2,0,1,0,0,0,0,0,1
llap-server/src/java/org/apache/hadoop/hive/llap/counters/QueryFragmentCounters.java,2.1.0,0,0,0,0,6,0,3,0,53,0,0,0,2
llap-server/src/java/org/apache/hadoop/hive/llap/daemon/impl/LlapTaskReporter.java,2.1.0,27,8,2,0,10,2,3,10,23,249,105,1,6
llap-server/src/java/org/apache/hadoop/hive/llap/daemon/impl/StatsRecordingThreadPool.java,2.1.0,0,0,0,0,0,0,0,0,0,0,0,0,0
llap-server/src/java/org/apache/hadoop/hive/llap/daemon/impl/TaskRunnerCallable.java,2.1.0,24,18,3,0,40,1,6,4,3,393,393,0,9
llap-server/src/java/org/apache/hadoop/hive/llap/io/api/impl/LlapInputFormat.java,2.1.0,0,0,0,0,24,0,5,0,10,0,0,0,9
llap-server/src/java/org/apache/hadoop/hive/llap/io/api/impl/LlapIoImpl.java,2.1.0,3,3,1,0,34,1,5,0,7,393,393,0,8
llap-server/src/java/org/apache/hadoop/hive/llap/io/encoded/OrcEncodedDataReader.java,2.1.0,0,0,1,0,50,1,7,0,5,4,4,1,14
llap-tez/src/java/org/apache/hadoop/hive/llap/tezplugins/LlapTezUtils.java,2.1.0,0,0,0,0,1,0,1,0,0,0,0,0,1
ql/src/java/org/apache/hadoop/hive/ql/exec/tez/TezJobMonitor.java,2.1.0,0,0,0,0,21,0,11,0,8,0,0,0,7
ql/src/java/org/apache/hadoop/hive/ql/hooks/PostExecTezSummaryPrinter.java,2.1.0,0,0,0,0,2,0,2,0,79,0,0,0,1
orc/src/java/org/apache/orc/impl/IntegerReader.java,2.1.0,0,0,0,0,10,0,3,0,13,0,0,0,1
orc/src/java/org/apache/orc/impl/RunLengthIntegerReader.java,2.1.0,0,0,0,0,9,0,3,0,12,0,0,0,1
orc/src/java/org/apache/orc/impl/RunLengthIntegerReaderV2.java,2.1.0,0,0,0,0,11,0,3,0,12,0,0,0,1
orc/src/java/org/apache/orc/impl/SerializationUtils.java,2.1.0,0,0,0,0,3,0,2,0,110,0,0,0,1
orc/src/test/org/apache/orc/impl/TestSerializationUtils.java,2.1.0,0,0,0,0,2,0,2,0,110,0,0,0,1
ql/src/java/org/apache/hadoop/hive/ql/io/orc/RecordReaderImpl.java,2.1.0,0,0,0,0,66,0,9,0,3,0,0,0,22
ql/src/java/org/apache/hadoop/hive/ql/io/orc/TreeReaderFactory.java,2.1.0,0,0,0,0,17,0,6,0,8,0,0,0,8
serde/src/java/org/apache/hadoop/hive/serde2/avro/AvroDeserializer.java,2.1.0,0,0,0,0,4,0,3,0,92,0,0,0,1
orc/src/java/org/apache/orc/impl/WriterImpl.java,2.1.0,0,0,0,0,20,0,3,0,10,0,0,0,3
ql/src/java/org/apache/hadoop/hive/ql/optimizer/calcite/HiveRelFactories.java,2.1.0,0,0,1,0,4,1,2,0,52,117,117,0,2
ql/src/java/org/apache/hadoop/hive/ql/optimizer/calcite/reloperators/HiveAggregate.java,2.1.0,0,0,0,0,4,0,3,0,52,0,0,0,1
ql/src/java/org/apache/hadoop/hive/ql/parse/CalcitePlanner.java,2.1.0,0,0,1,0,62,1,13,0,3,117,117,0,21
ql/src/java/org/apache/hadoop/hive/ql/parse/SemanticAnalyzer.java,2.1.0,52,21,3,0,108,2,27,9,2,112,106,2,39
ql/src/java/org/apache/hadoop/hive/ql/optimizer/stats/annotation/StatsRulesProcFactory.java,2.1.0,47,12,2,0,15,1,7,16,20,117,117,1,8
ql/src/java/org/apache/hadoop/hive/ql/stats/StatsUtils.java,2.1.0,0,0,0,0,19,0,12,0,15,0,0,0,8
llap-server/src/java/org/apache/hadoop/hive/llap/daemon/impl/LlapDaemon.java,2.1.0,18,3,3,0,67,1,9,6,3,393,393,0,12
metastore/src/gen/protobuf/gen-java/org/apache/hadoop/hive/metastore/hbase/HbaseMetastoreProto.java,2.1.0,0,0,0,0,8,0,3,0,32,0,0,0,6
metastore/src/gen/thrift/gen-cpp/hive_metastore_types.cpp,2.1.0,513,467,1,0,26,1,12,0,7,24,24,0,1
metastore/src/gen/thrift/gen-javabean/org/apache/hadoop/hive/metastore/api/Order.java,2.1.0,0,0,0,0,10,0,5,0,14,0,0,0,0
metastore/src/java/org/apache/hadoop/hive/metastore/MetaStoreDirectSql.java,2.1.0,0,0,1,0,26,1,13,0,11,22,22,0,13
metastore/src/java/org/apache/hadoop/hive/metastore/ObjectStore.java,2.1.0,138,42,2,0,49,2,20,9,7,198,4,1,15
metastore/src/java/org/apache/hadoop/hive/metastore/hbase/HBaseUtils.java,2.1.0,0,0,0,0,22,0,8,0,7,0,0,0,6
metastore/src/model/org/apache/hadoop/hive/metastore/model/MOrder.java,2.1.0,0,0,0,0,2,0,1,0,6,0,0,0,0
metastore/src/test/org/apache/hadoop/hive/metastore/hbase/TestHBaseStore.java,2.1.0,0,0,0,0,14,0,6,0,19,0,0,0,5
metastore/src/test/org/apache/hadoop/hive/metastore/hbase/TestHBaseStoreBitVector.java,2.1.0,0,0,0,0,3,0,2,0,19,0,0,0,1
metastore/src/test/org/apache/hadoop/hive/metastore/hbase/TestSharedStorageDescriptor.java,2.1.0,0,0,0,0,5,0,3,0,66,0,0,0,1
ql/src/java/org/apache/hadoop/hive/ql/exec/DDLTask.java,2.1.0,9,2,4,0,54,4,21,0,4,61,24,0,13
ql/src/java/org/apache/hadoop/hive/ql/exec/MoveTask.java,2.1.0,12,4,1,0,20,1,11,0,7,37,37,1,5
ql/src/java/org/apache/hadoop/hive/ql/metadata/Hive.java,2.1.0,141,89,5,0,68,4,24,2,3,69,24,2,18
ql/src/java/org/apache/hadoop/hive/ql/optimizer/AbstractSMBJoinProc.java,2.1.0,0,0,0,0,4,0,4,0,32,0,0,0,0
ql/src/java/org/apache/hadoop/hive/ql/optimizer/BucketingSortingReduceSinkOptimizer.java,2.1.0,0,0,0,0,10,0,7,0,27,0,0,0,3
ql/src/java/org/apache/hadoop/hive/ql/optimizer/SortedDynPartitionOptimizer.java,2.1.0,45,3,1,0,13,1,5,0,14,117,117,1,7
ql/src/java/org/apache/hadoop/hive/ql/optimizer/calcite/RelOptHiveTable.java,2.1.0,0,0,0,0,7,0,6,0,36,0,0,0,1
ql/src/java/org/apache/hadoop/hive/ql/optimizer/physical/BucketingSortingCtx.java,2.1.0,0,0,0,0,2,0,0,0,0,0,0,0,0
ql/src/java/org/apache/hadoop/hive/ql/optimizer/physical/BucketingSortingOpProcFactory.java,2.1.0,0,0,0,0,2,0,3,0,14,0,0,0,0
ql/src/java/org/apache/hadoop/hive/ql/parse/BaseSemanticAnalyzer.java,2.1.0,0,0,1,0,16,1,9,0,15,393,393,1,5
ql/src/java/org/apache/hadoop/hive/ql/parse/SemanticAnalyzer.java,2.1.0,52,21,3,0,108,2,27,9,2,112,106,2,39
ql/src/test/org/apache/hadoop/hive/ql/txn/compactor/TestWorker.java,2.1.0,5,4,2,0,10,1,4,12,67,24,24,0,2
serde/src/gen/thrift/gen-cpp/serde_constants.cpp,2.1.0,0,0,0,0,7,0,6,0,32,0,0,0,0
metastore/src/java/org/apache/hadoop/hive/metastore/HiveMetaStore.java,2.1.0,40,20,1,0,71,1,28,0,4,4,4,0,17
metastore/src/java/org/apache/hadoop/hive/metastore/TSetIpAddressProcessor.java,2.1.0,0,0,0,0,1,0,2,0,509,0,0,0,0
metastore/src/test/org/apache/hadoop/hive/metastore/IpAddressListener.java,2.1.0,0,0,0,0,1,0,2,0,509,0,0,0,0
llap-server/src/java/org/apache/hadoop/hive/llap/cli/LlapServiceDriver.java,2.1.0,11,4,1,0,36,1,7,0,4,85,85,1,18
ql/src/java/org/apache/hadoop/hive/ql/io/orc/ReaderImpl.java,2.1.0,5,287,2,0,37,1,8,20,7,193,193,0,5
ql/src/test/org/apache/hadoop/hive/ql/io/orc/TestReaderImpl.java,2.1.0,0,0,0,0,2,0,2,0,66,0,0,0,1
cli/src/java/org/apache/hadoop/hive/cli/CliDriver.java,2.1.0,0,0,0,0,13,0,7,0,16,0,0,0,1
ql/src/java/org/apache/hadoop/hive/ql/session/SessionState.java,2.1.0,6,11,2,0,41,2,18,0,7,54,34,0,11
service/src/java/org/apache/hive/service/cli/session/HiveSessionImpl.java,2.1.0,9,3,2,0,30,2,14,10,7,44,22,1,8
llap-server/src/java/org/apache/hadoop/hive/llap/cli/LlapServiceDriver.java,2.1.0,11,4,1,0,36,1,7,0,4,85,85,1,18
llap-server/src/java/org/apache/hadoop/hive/llap/configuration/LlapDaemonConfiguration.java,2.1.0,0,0,0,0,25,0,2,0,21,0,0,0,1
llap-server/src/java/org/apache/hadoop/hive/llap/daemon/services/impl/LlapWebApp.java,2.1.0,0,0,0,0,3,0,2,0,133,0,0,0,2
llap-server/src/java/org/apache/hadoop/hive/llap/daemon/services/impl/LlapWebServices.java,2.1.0,0,0,0,0,11,0,4,0,19,0,0,0,3
ql/src/java/org/apache/hadoop/hive/ql/exec/tez/DagUtils.java,2.1.0,0,0,0,0,20,0,12,0,19,0,0,0,6
ql/src/java/org/apache/hadoop/hive/ql/exec/tez/TezSessionState.java,2.1.0,17,50,2,0,24,1,11,8,11,393,393,2,10
ql/src/java/org/apache/hadoop/hive/ql/exec/tez/TezTask.java,2.1.0,0,0,0,0,17,0,11,0,12,0,0,0,5
ql/src/java/org/apache/hadoop/hive/ql/io/NullScanFileSystem.java,2.1.0,0,0,0,0,2,0,2,0,15,0,0,0,1
llap-server/src/java/org/apache/hadoop/hive/llap/cli/LlapServiceDriver.java,2.1.0,11,4,1,0,36,1,7,0,4,85,85,1,18
ql/src/java/org/apache/hadoop/hive/ql/optimizer/stats/annotation/StatsRulesProcFactory.java,2.1.0,47,12,2,0,15,1,7,16,20,117,117,1,8
llap-server/src/java/org/apache/hadoop/hive/llap/cli/LlapServiceDriver.java,2.1.0,11,4,1,0,36,1,7,0,4,85,85,1,18
llap-server/src/java/org/apache/hadoop/hive/llap/daemon/impl/LlapDaemon.java,2.1.0,18,3,3,0,67,1,9,6,3,393,393,0,12
llap-server/src/java/org/apache/hadoop/hive/llap/cli/LlapServiceDriver.java,2.1.0,11,4,1,0,36,1,7,0,4,85,85,1,18
ql/src/java/org/apache/hadoop/hive/ql/exec/tez/TezSessionState.java,2.1.0,17,50,2,0,24,1,11,8,11,393,393,2,10
ql/src/java/org/apache/hadoop/hive/ql/io/orc/FileDump.java,2.1.0,0,0,0,0,16,0,8,0,14,0,0,0,4
common/src/java/org/apache/hadoop/hive/conf/HiveConf.java,2.1.0,62,14,18,0,227,11,40,0,0,115,1,0,19
llap-server/src/java/org/apache/hadoop/hive/llap/IncrementalObjectSizeEstimator.java,2.1.0,0,0,0,0,6,0,2,0,10,0,0,0,2
llap-server/src/java/org/apache/hadoop/hive/llap/cache/Cache.java,2.1.0,0,0,0,0,8,0,1,0,19,0,0,0,1
llap-server/src/java/org/apache/hadoop/hive/llap/cache/LowLevelCache.java,2.1.0,0,0,0,0,19,0,1,0,69,0,0,0,1
llap-server/src/java/org/apache/hadoop/hive/llap/cache/LowLevelCacheImpl.java,2.1.0,0,0,0,0,40,0,4,0,4,0,0,0,13
llap-server/src/java/org/apache/hadoop/hive/llap/cache/NoopCache.java,2.1.0,0,0,0,0,8,0,1,0,19,0,0,0,1
llap-server/src/java/org/apache/hadoop/hive/llap/io/api/impl/LlapIoImpl.java,2.1.0,3,3,1,0,34,1,5,0,7,393,393,0,8
llap-server/src/java/org/apache/hadoop/hive/llap/io/decode/EncodedDataConsumer.java,2.1.0,0,0,0,0,14,0,3,0,6,0,0,0,4
llap-server/src/java/org/apache/hadoop/hive/llap/io/decode/OrcColumnVectorProducer.java,2.1.0,0,0,0,0,29,0,4,0,3,0,0,0,8
llap-server/src/java/org/apache/hadoop/hive/llap/io/decode/OrcEncodedDataConsumer.java,2.1.0,0,0,0,0,33,0,5,0,3,0,0,0,8
llap-server/src/java/org/apache/hadoop/hive/llap/io/encoded/OrcEncodedDataReader.java,2.1.0,0,0,1,0,50,1,7,0,5,4,4,1,14
llap-server/src/java/org/apache/hadoop/hive/llap/io/metadata/OrcFileMetadata.java,2.1.0,0,0,0,0,10,0,3,0,16,0,0,0,5
llap-server/src/java/org/apache/hadoop/hive/llap/io/metadata/OrcMetadataCache.java,2.1.0,0,0,0,0,15,0,2,0,11,0,0,0,7
llap-server/src/java/org/apache/hadoop/hive/llap/io/metadata/OrcStripeMetadata.java,2.1.0,0,0,0,0,17,0,3,0,7,0,0,0,5
orc/src/java/org/apache/orc/FileMetadata.java,2.1.0,0,0,0,0,6,0,2,0,94,0,0,0,1
ql/src/java/org/apache/hadoop/hive/ql/io/HdfsUtils.java,2.1.0,20,3,1,0,7,1,2,0,59,106,106,0,1
ql/src/java/org/apache/hadoop/hive/ql/io/SyntheticFileId.java,2.1.0,0,0,0,0,1,0,1,0,0,0,0,0,1
ql/src/java/org/apache/hadoop/hive/ql/io/orc/OrcInputFormat.java,2.1.0,93,114,4,0,57,2,8,3,4,150,106,1,19
ql/src/java/org/apache/hadoop/hive/ql/io/orc/OrcSplit.java,2.1.0,51,44,1,0,18,1,7,0,17,193,193,1,5
ql/src/java/org/apache/hadoop/hive/ql/io/orc/encoded/EncodedReaderImpl.java,2.1.0,0,0,0,0,42,0,4,0,9,0,0,0,6
ql/src/java/org/apache/hadoop/hive/ql/io/orc/encoded/OrcBatchKey.java,2.1.0,0,0,0,0,7,0,1,0,217,0,0,0,2
ql/src/java/org/apache/hadoop/hive/ql/io/orc/encoded/OrcCacheKey.java,2.1.0,0,0,0,0,5,0,1,0,217,0,0,0,1
ql/src/java/org/apache/hadoop/hive/ql/io/orc/encoded/Reader.java,2.1.0,0,0,0,0,6,0,2,0,5,0,0,0,1
ql/src/java/org/apache/hadoop/hive/ql/io/orc/encoded/ReaderImpl.java,2.1.0,0,0,0,0,5,0,2,0,48,0,0,0,1
ql/src/java/org/apache/hadoop/hive/ql/io/orc/encoded/StreamUtils.java,2.1.0,0,0,0,0,19,0,2,0,94,0,0,0,1
ql/src/test/org/apache/hadoop/hive/ql/io/orc/TestInputOutputFormat.java,2.1.0,0,0,4,0,36,1,10,3,5,193,193,2,6
storage-api/src/java/org/apache/hadoop/hive/common/io/DataCache.java,2.1.0,0,0,0,0,3,0,1,0,217,0,0,0,1
storage-api/src/java/org/apache/hadoop/hive/common/io/encoded/EncodedColumnBatch.java,2.1.0,0,0,0,0,5,0,1,0,8,0,0,0,2
llap-server/src/java/org/apache/hadoop/hive/llap/io/encoded/OrcEncodedDataReader.java,2.1.0,0,0,1,0,50,1,7,0,5,4,4,1,14
ql/src/java/org/apache/hadoop/hive/ql/io/orc/encoded/EncodedReaderImpl.java,2.1.0,0,0,0,0,42,0,4,0,9,0,0,0,6
ql/src/java/org/apache/hadoop/hive/ql/exec/persistence/HybridHashTableContainer.java,2.1.0,17,8,1,0,21,1,10,0,25,24,24,1,12
ql/src/java/org/apache/hadoop/hive/ql/exec/persistence/KeyValueContainer.java,2.1.0,0,0,0,0,4,0,4,0,153,0,0,0,0
ql/src/java/org/apache/hadoop/hive/ql/parse/MapReduceCompiler.java,2.1.0,0,0,0,0,2,0,4,0,71,0,0,0,0
ql/src/java/org/apache/hadoop/hive/ql/security/authorization/plugin/HiveOperationType.java,2.1.0,0,0,0,0,8,0,7,0,53,0,0,0,1
ql/src/java/org/apache/hadoop/hive/ql/security/authorization/plugin/sqlstd/Operation2Privilege.java,2.1.0,0,0,0,0,9,0,8,0,47,0,0,0,1
common/src/test/org/apache/hadoop/hive/common/metrics/MetricsTestUtils.java,2.1.0,0,0,0,0,4,0,1,0,20,0,0,0,1
common/src/test/org/apache/hadoop/hive/common/metrics/metrics2/TestCodahaleMetrics.java,2.1.0,0,0,0,0,6,0,2,0,25,0,0,0,1
common/src/java/org/apache/hadoop/hive/conf/HiveConf.java,2.1.0,62,14,18,0,227,11,40,0,0,115,1,0,19
ql/src/java/org/apache/hadoop/hive/ql/optimizer/calcite/rules/HiveSortJoinReduceRule.java,2.1.0,0,0,0,0,4,0,2,0,22,0,0,0,2
ql/src/java/org/apache/hadoop/hive/ql/optimizer/calcite/rules/HiveSortMergeRule.java,2.1.0,0,0,0,0,3,0,2,0,15,0,0,0,3
hbase-handler/src/java/org/apache/hadoop/hive/hbase/LazyHBaseRow.java,2.1.0,0,0,0,0,2,0,2,0,104,0,0,0,1
ql/src/java/org/apache/hadoop/hive/ql/processors/ResetProcessor.java,2.1.0,0,0,0,0,0,0,0,0,0,0,0,0,0
ql/src/java/org/apache/hadoop/hive/ql/processors/SetProcessor.java,2.1.0,0,0,0,0,6,0,5,0,29,0,0,0,1
ql/src/test/org/apache/hadoop/hive/ql/processors/TestResetProcessor.java,2.1.0,0,0,0,0,0,0,0,0,0,0,0,0,0
ql/src/java/org/apache/hadoop/hive/ql/optimizer/physical/SamplingOptimizer.java,2.1.0,0,0,0,0,1,0,1,0,0,0,0,0,1
ql/src/java/org/apache/hadoop/hive/ql/index/HiveIndexResult.java,2.1.0,0,0,0,0,1,0,3,0,138,0,0,0,0
ql/src/java/org/apache/hadoop/hive/ql/index/HiveIndexedInputFormat.java,2.1.0,0,0,0,0,1,0,2,0,277,0,0,0,0
ql/src/java/org/apache/hadoop/hive/ql/index/IndexResult.java,2.1.0,0,0,0,0,0,0,0,0,0,0,0,0,0
ql/src/java/org/apache/hadoop/hive/ql/index/SplitFilter.java,2.1.0,0,0,0,0,0,0,0,0,0,0,0,0,0
ql/src/test/org/apache/hadoop/hive/ql/index/MockHiveInputSplits.java,2.1.0,0,0,0,0,0,0,0,0,0,0,0,0,0
ql/src/test/org/apache/hadoop/hive/ql/index/MockIndexResult.java,2.1.0,0,0,0,0,0,0,0,0,0,0,0,0,0
ql/src/test/org/apache/hadoop/hive/ql/index/MockInputFile.java,2.1.0,0,0,0,0,0,0,0,0,0,0,0,0,0
ql/src/test/org/apache/hadoop/hive/ql/index/SplitFilterTestCase.java,2.1.0,0,0,0,0,0,0,0,0,0,0,0,0,0
ql/src/test/org/apache/hadoop/hive/ql/index/TestHiveInputSplitComparator.java,2.1.0,0,0,0,0,0,0,0,0,0,0,0,0,0
ql/src/test/org/apache/hadoop/hive/ql/index/TestSplitFilter.java,2.1.0,0,0,0,0,0,0,0,0,0,0,0,0,0
